<?xml version="1.0"?>
<doc>
    <assembly>
        <name>MindFusion.Diagramming.Import.Draw</name>
    </assembly>
    <members>
        <member name="T:MindFusion.Diagramming.Import.DrawImporter">
            <summary>
            DrawImporter lets you import an OpenOffice Draw document 
            into a Diagram or DiagramDocument object.
            </summary>
        </member>
        <member name="M:MindFusion.Diagramming.Import.DrawImporter.#ctor">
            <summary>
            Initializes a new instance of the DrawImporter class.
            </summary>
        </member>
        <member name="M:MindFusion.Diagramming.Import.DrawImporter.Import(System.String)">
            <summary>
            Imports the specified OpenOffice Draw document into a new DiagramDocument,
            where each Draw page is imported into a separate DiagramPage of the DiagramDocument.
            </summary>
            <param name="filePath">A string specifying the path to the .odg file.</param>
            <returns>A DiagramDocument containing the imported OpenOffice drawing.</returns>
        </member>
        <member name="M:MindFusion.Diagramming.Import.DrawImporter.Import(System.String,MindFusion.Diagramming.DiagramDocument)">
            <summary>
            Imports the specified OpenOffice Draw document into an existing DiagramDocument,
            where each Draw page is imported into a separate DiagramPage of the DiagramDocument.
            </summary>
            <param name="filePath">A string specifying the path to the .odg file.</param>
            <param name="document">A DiagramDocument into which to import the OpenOffice drawing.</param>
        </member>
        <member name="M:MindFusion.Diagramming.Import.DrawImporter.Import(System.String,MindFusion.Diagramming.Diagram)">
            <summary>
            Imports the specified OpenOffice Draw document into the specified Diagram.
            </summary>
            <param name="filePath">A string specifying the path to the .odg file.</param>
            <param name="diagram">A Diagram into which to import the OpenOffice drawing.</param>
        </member>
        <member name="P:MindFusion.Diagramming.Import.DrawImporter.PagesPerRow">
            <summary>
            Gets or sets how many Draw pages to import on a row before
            offsetting the import location vertically.
            </summary>
        </member>
        <member name="T:MindFusion.Diagramming.Import.Measure">
            <summary>
            Represents amounts of specific units.
            </summary>
        </member>
        <member name="M:MindFusion.Diagramming.Import.Measure.#ctor(System.Double)">
            <summary>
            Initializes a new instance of the Measure class.
            </summary>
            <param name="amount">
            The number of pixels represented by the new object.
            </param>
        </member>
        <member name="M:MindFusion.Diagramming.Import.Measure.#ctor(System.Double,MindFusion.Diagramming.MeasureUnit)">
            <summary>
            Initializes a new instance of the Measure class.
            </summary>
            <param name="amount">
            The amount represented by the new object.
            </param>
            <param name="unit">
            The measure unit of the new object.
            </param>
        </member>
        <member name="M:MindFusion.Diagramming.Import.Measure.#ctor(System.String)">
            <summary>
            Initializes a new instance of the Measure class.
            </summary>
            <param name="value">
            A string representing the amount and, optionally, units of measure.
            </param>
        </member>
        <member name="M:MindFusion.Diagramming.Import.Measure.#ctor(System.String,System.IFormatProvider)">
            <summary>
            Initializes a new instance of the Measure class.
            </summary>
            <param name="value">
            A string representing the amount and, optionally, units of measure.
            </param>
            <param name="provider">
            An IFormatProvider object that is used to interpret the specified value.
            </param>
        </member>
        <member name="M:MindFusion.Diagramming.Import.Measure.ToString">
            <summary>
            Object.ToString override.
            </summary>
            <returns>
            The string representation of the current object.
            </returns>
        </member>
        <member name="M:MindFusion.Diagramming.Import.Measure.ToString(System.IFormatProvider)">
            <summary>
            Returns a string representation of the current measure.
            </summary>
            <param name="provider">
            An IFormatProvider object that is used to format the amount.
            </param>
            <returns>
            The string representation of the current object.
            </returns>
        </member>
        <member name="M:MindFusion.Diagramming.Import.Measure.Equals(System.Object)">
            <summary>
            Object.Equals override.
            </summary>
            <param name="obj">
            The object to compare to this measure.
            </param>
            <returns>
            true if the specified object is a Measure equal to this object; otherwise, false.
            </returns>
        </member>
        <member name="M:MindFusion.Diagramming.Import.Measure.Equals(MindFusion.Diagramming.Import.Measure)">
            <summary>
            Determines whether the specified measure is equal to the current measure.
            </summary>
            <param name="other">
            The object to compare to this measure.
            </param>
            <returns>
            true if the specified measure is equal to this object; otherwise, false.
            </returns>
        </member>
        <member name="M:MindFusion.Diagramming.Import.Measure.GetHashCode">
            <summary>
            Object.GetHashCode override.
            </summary>
            <returns>
            A hash code for the current object.
            </returns>
        </member>
        <member name="M:MindFusion.Diagramming.Import.Measure.op_Implicit(System.Double)~MindFusion.Diagramming.Import.Measure">
            <summary>
            Converts the specified double value to a Measure object representing
            the same amount of pixels.
            </summary>
            <param name="value">
            The value to convert.
            </param>
            <returns>
            A Measure object representing the specified double value.
            </returns>
        </member>
        <member name="M:MindFusion.Diagramming.Import.Measure.op_Implicit(System.String)~MindFusion.Diagramming.Import.Measure">
            <summary>
            Converts the specified string to a Measure object.
            </summary>
            <param name="value">
            The value to convert.
            </param>
            <returns>
            A Measure object representing the specified string.
            </returns>
        </member>
        <member name="M:MindFusion.Diagramming.Import.Measure.op_Equality(MindFusion.Diagramming.Import.Measure,MindFusion.Diagramming.Import.Measure)">
            <summary>
            Compares two Measure objects for equality.
            </summary>
            <param name="a">
            The first object to compare.
            </param>
            <param name="b">
            The second object to compare.
            </param>
            <returns>
            true if the two specified objects are equal; otherwise, false.
            </returns>
        </member>
        <member name="M:MindFusion.Diagramming.Import.Measure.op_Inequality(MindFusion.Diagramming.Import.Measure,MindFusion.Diagramming.Import.Measure)">
            <summary>
            Compares two Measure objects for inequality.
            </summary>
            <param name="a">
            The first object to compare.
            </param>
            <param name="b">
            The second object to compare.
            </param>
            <returns>
            true if the two specified objects are not equal; otherwise, false.
            </returns>
        </member>
        <member name="M:MindFusion.Diagramming.Import.Measure.op_Addition(MindFusion.Diagramming.Import.Measure,System.Double)">
            <summary>
            Adds the specified amount to the specified Measure object.
            </summary>
            <param name="measure">
            The Measure object to add to.
            </param>
            <param name="value">
            The amount to add.
            </param>
            <returns>
            A new Measure object representing the new amount, in the same
            unit as the original object.
            </returns>
        </member>
        <member name="M:MindFusion.Diagramming.Import.Measure.op_Subtraction(MindFusion.Diagramming.Import.Measure,System.Double)">
            <summary>
            Subtracts the specified amount from the specified Measure object.
            </summary>
            <param name="measure">
            The Measure object to subtract from.
            </param>
            <param name="value">
            The amount to subtract.
            </param>
            <returns>
            A new Measure object representing the new amount, in the same
            unit as the original object.
            </returns>
        </member>
        <member name="M:MindFusion.Diagramming.Import.Measure.ConvertTo(MindFusion.Diagramming.MeasureUnit,System.Object)">
            <summary>
            Converts the amount represented by the current object to the specified unit.
            </summary>
            <param name="targetUnit">
            A MeasureUnit object representing the unit to convert to.
            </param>
            <param name="context">
            When converting between logical and device units this should be a Graphics or
            IGraphics object that provides device resolution information; otherwise this
            parameter is ignored.
            </param>
            <returns>
            A new Measure object that represents the original amount in the specified unit.
            </returns>
        </member>
        <member name="P:MindFusion.Diagramming.Import.Measure.Unit">
            <summary>
            Gets the unit of measure of the current object.
            </summary>
        </member>
        <member name="P:MindFusion.Diagramming.Import.Measure.Amount">
            <summary>
            Gets the amount represented by the current object.
            </summary>
        </member>
    </members>
</doc>
