<?xml version="1.0"?>
<doc>
    <assembly>
        <name>MindFusion.Diagramming.Import.Visio</name>
    </assembly>
    <members>
        <member name="T:MindFusion.Diagramming.Import.Visio2013Importer">
            <summary>
            Imports Visio 2013 XML Drawing files (*.vsdx) into Diagram or DiagramDocument objects.
            </summary>
        </member>
        <member name="M:MindFusion.Diagramming.Import.Visio2013Importer.#ctor">
            <summary>
            Initializes a new instance of the Visio2013Importer class.
            </summary>
        </member>
        <member name="M:MindFusion.Diagramming.Import.Visio2013Importer.Import(System.String)">
            <summary>
            Imports the specified Visio Graphics Service VSDX file into a new DiagramDocument,
            where each Visio page is imported into a separate DiagramPage of the DiagramDocument.
            </summary>
            <param name="filePath">A string specifying the path to the .vsdx file.</param>
            <returns>A DiagramDocument containing the imported Visio drawing.</returns>
        </member>
        <member name="M:MindFusion.Diagramming.Import.Visio2013Importer.Import(System.String,MindFusion.Diagramming.DiagramDocument)">
            <summary>
            Imports the specified Visio Graphics Service VSDX file into an existing DiagramDocument,
            where each Visio page is imported into a separate DiagramPage of the DiagramDocument.
            </summary>
            <param name="filePath">A string specifying the path to the .vsdx file.</param>
            <param name="document">A DiagramDocument into which to import the Visio drawing.</param>
        </member>
        <member name="M:MindFusion.Diagramming.Import.Visio2013Importer.Import(System.String,MindFusion.Diagramming.Diagram)">
            <summary>
            Imports the specified Visio Graphics Service VSDX file into the specified Diagram.
            </summary>
            <param name="filePath">A string specifying the path to the .vsdx file.</param>
            <param name="diagram">A Diagram into which to import the Visio drawing.</param>
        </member>
        <member name="M:MindFusion.Diagramming.Import.Visio2013Importer.OnImportItem(System.Object,MindFusion.Diagramming.Import.ImportItemEventArgs)">
            <summary>
            Raises the ImportItem event.
            </summary>
        </member>
        <member name="P:MindFusion.Diagramming.Import.Visio2013Importer.PagesPerRow">
            <summary>
            Gets or sets how many Visio pages to import on a row before
            offsetting the import location vertically.
            </summary>
        </member>
        <member name="E:MindFusion.Diagramming.Import.Visio2013Importer.ImportItem">
            <summary>
            Raised for each shape's XML element in the imported VSDX drawing to
            let you create a custom diagram item representing the Visio shape.
            </summary>
        </member>
        <member name="T:MindFusion.Diagramming.Import.VisioImporter">
            <summary>
            Imports Visio 2003 XML Drawing files (*.vdx) into Diagram or DiagramDocument objects.
            </summary>
        </member>
        <member name="M:MindFusion.Diagramming.Import.VisioImporter.Import(System.String)">
            <summary>
            Imports all pages from the specified Visio document into a
            single DiagramDocument object.
            </summary>
            <param name="vdxPathName">
            A full path to the Visio VDX file.
            </param>
            <returns>
            The newly crated DiagramDocument object.
            </returns>
        </member>
        <member name="M:MindFusion.Diagramming.Import.VisioImporter.ImportAllPages(System.String,MindFusion.Diagramming.Diagram)">
            <summary>
            Imports all pages from the specified Visio document.
            </summary>
            <param name="vdxPathName">
            A full path to the Visio VDX file.
            </param>
            <param name="diagram">
            Reference to the diagram where the Visio drawing is imported.
            </param>
        </member>
        <member name="M:MindFusion.Diagramming.Import.VisioImporter.ImportPage(System.String,MindFusion.Diagramming.Diagram,System.Int32)">
            <summary>
            Imports a single page from the specified Visio document.
            </summary>
            <param name="vdxPathName">
            A full path to the Visio VDX file.
            </param>
            <param name="diagram">
            Reference to the Diagram where the Visio page is imported.
            </param>
            <param name="pageIndex">
            Specifies which page of the Visio document to import.
            </param>
        </member>
        <member name="M:MindFusion.Diagramming.Import.VisioImporter.GetPageCount(System.String)">
            <summary>
            Determines how many pages are there in a Visio diagram.
            </summary>
            <param name="vdxPathName">
            A full path to the Visio VDX file.
            </param>
            <returns>
            An integer value specifying the number of pages in the Visio diagram.
            </returns>
        </member>
        <member name="M:MindFusion.Diagramming.Import.VisioImporter.GetShapeAttr(System.String,System.String,System.Xml.XmlNode)">
            <summary>
            Getting VDX node attribute or text
            </summary>
            <param name="AttrPath">String XPath expression to found child node of the [shape]</param>
            <param name="AttrName">String Name of the attribute or "" for [Text]</param>
            <param name="shape">Parent node reference or [null] if root node is parent</param>
            <returns>[true] if successfull [false] otherwise</returns>
        </member>
        <member name="M:MindFusion.Diagramming.Import.VisioImporter.GetShapeAttr(System.String,System.String)">
            <summary>
            Getting VDX node attribute or text
            </summary>
            <param name="AttrPath">String XPath expression to found child node of the [shape]</param>
            <param name="AttrName">String Name of the attribute or "" for [Text]</param>
            <returns>[true] if successfull [false] otherwise</returns>
        </member>
        <member name="M:MindFusion.Diagramming.Import.VisioImporter.Unit2Pix(System.String,System.String,System.String)">
            <summary>
            Converts string dimension value from unit to pixels
            </summary>
            <param name="Unit">Name of the unit of measures</param>
            <param name="DefaultUnit">>Name of the DEFAULT unit of measures</param>
            <param name="Value">String value of the dimensions</param>
            <returns>Dimension value in pixels</returns>
        </member>
        <member name="M:MindFusion.Diagramming.Import.VisioImporter.GetShapeRef(System.Xml.XmlNode,System.String,MindFusion.Diagramming.Group)">
            <summary>
            Processing Visio shape converting it into MindFusion.Diagramming node
            </summary>
            <param name="shape">Visio shape's XML node</param>
            <param name="shapeType">String value of the shape type</param>
            <param name="group">Reference to parent group ( if any exists) </param>
            <returns>Returns [true] if successfull [false] otherwise</returns>
        </member>
        <member name="M:MindFusion.Diagramming.Import.VisioImporter.Measure2Pix(System.Xml.XmlNode,System.String)">
            <summary>
            Convert shape node measures to pixels
            </summary>
            <param name="xform_shape">XML shape node reference</param>
            <param name="MeasureName">String name of the measure to be converted</param>
            <returns>Measure value in pixels</returns>
        </member>
        <member name="M:MindFusion.Diagramming.Import.VisioImporter.VisioShape2PredefinedShape(System.String,MindFusion.Diagramming.ShapeNode@,System.Boolean@,System.Drawing.Color@)">
            <summary>
            Converts Visio shape type into MindFusion.Diagramming predefined shape
            </summary>
            <returns>MindFusion.Diagramming predefinded shape reference or [null] if some error occured</returns>
        </member>
        <member name="M:MindFusion.Diagramming.Import.VisioImporter.CreateFcxLink(System.String,System.String)">
            <summary>
            Creates MindFusion.Diagramming link for the shapes selected
            </summary>
            <param name="FromID">Source shape ID</param>
            <param name="ToID">Destination shape ID</param>
            <returns>A MindFusion.Diagramming link or [null] if some error occured</returns>
        </member>
        <member name="M:MindFusion.Diagramming.Import.VisioImporter.String2ArrowType(System.String,System.Drawing.Color@)">
            <summary>
            Converts Visio's arrow type into MindFusion.Diagramming ArrowHead enum
            </summary>
            <param name="ArrowType">String arrow style</param>
            <param name="lpCR">Color object reference to be returned</param>
            <returns>ArrowHead enumeration value</returns>
        </member>
        <member name="M:MindFusion.Diagramming.Import.VisioImporter.GetFont(System.Xml.XmlNode)">
            <summary>
            Creates Font object for selected Visio shape
            </summary>
            <param name="shape">XML node of the shape</param>
            <returns>Font object created or [null] if some error occured</returns>
        </member>
        <member name="M:MindFusion.Diagramming.Import.VisioImporter.GetShapeText(System.Xml.XmlNode,MindFusion.Diagramming.ShapeNode)">
            <summary>
            Get styled text from Visio shape
            </summary>
            <param name="shape">XML node of the shape</param>
            <param name="node">ShapeNode object to apply text to</param>
            <returns>Styled text of the Visio shape</returns>
        </member>
        <member name="M:MindFusion.Diagramming.Import.VisioImporter.GetColor(System.Xml.XmlNode,System.String,System.String,System.String,System.String,System.String)">
            <summary>
            Gets color value of the Visio shape selected
            </summary>
            <param name="shape">XML node of the shape</param>
            <param name="StyleID">String ID of the style to be used</param>
            <param name="ColorName">String name of the color to be converted</param>
            <param name="TransparencyName">String name of the transparency to be combined with color</param>
            <param name="ColorValue">#RGB value of the color</param>
            <param name="altStyleID">Alternative String ID.</param>
            <returns>Color object</returns>
        </member>
        <member name="M:MindFusion.Diagramming.Import.VisioImporter.ProcessForeign(System.Xml.XmlNode)">
            <summary>
            Process foreign nodes ( ActiveX objects, pictures etc. ) of the Visio shapes
            </summary>
            <param name="shape">XML node of the shape</param>
            <returns>Returns [true] if succesfull [false] otherwise</returns>
        </member>
        <member name="M:MindFusion.Diagramming.Import.VisioImporter.String2DashStyle(System.String)">
            <summary>
            Converts string PenStyle into DashStyle enum
            </summary>
            <param name="PenStyle">String PenStyle</param>
            <returns>DashStyle enum value</returns>
        </member>
        <member name="M:MindFusion.Diagramming.Import.VisioImporter.OnShapeImported(MindFusion.Diagramming.Import.ShapeImportedEventArgs)">
            <summary>
            Raises the ShapeImported event.
            </summary>
        </member>
        <member name="M:MindFusion.Diagramming.Import.VisioImporter.OnConnectorImported(MindFusion.Diagramming.Import.ConnectorImportedEventArgs)">
            <summary>
            Raises the ConnectorImported event.
            </summary>
        </member>
        <member name="M:MindFusion.Diagramming.Import.VisioImporter.OnGroupImported(MindFusion.Diagramming.Import.GroupImportedEventArgs)">
            <summary>
            Raises the GroupImported event.
            </summary>
        </member>
        <member name="P:MindFusion.Diagramming.Import.VisioImporter.ImportEntitiesAsTables">
            <summary>
            Gets or sets a value indicating whether Visio UML and DB entities
            are imported as MindFusion.Diagramming tables.
            </summary>
        </member>
        <member name="P:MindFusion.Diagramming.Import.VisioImporter.PagesPerRow">
            <summary>
            Gets or sets how many Visio pages to import on a row before
            offsetting the import location vertically.
            </summary>
        </member>
        <member name="E:MindFusion.Diagramming.Import.VisioImporter.ShapeImported">
            <summary>
            Raised when a Visio shape is imported into MindFusion.Diagramming
            as a ShapeNode.
            </summary>
        </member>
        <member name="E:MindFusion.Diagramming.Import.VisioImporter.ConnectorImported">
            <summary>
            Raised when a Visio connector is imported as a MindFusion.Diagramming link.
            </summary>
        </member>
        <member name="E:MindFusion.Diagramming.Import.VisioImporter.GroupImported">
            <summary>
            Raised when a Visio group is imported as a MindFusion.Diagramming group.
            </summary>
        </member>
        <member name="P:MindFusion.Diagramming.Import.VisioImporter.SuppressUnmanagedCode">
            <summary>
            Suppress usage of unmanaged code.
            </summary>
        </member>
        <member name="P:MindFusion.Diagramming.Import.VisioImporter.ApplyVisioUnit">
            <summary>
            Gets or sets a value indicating whether the diagram's MeasureUnit
            should be set to the one read from the imported Visio file.
            </summary>
        </member>
        <member name="T:MindFusion.Diagramming.Import.ConnectorImportedEventArgs">
            <summary>
            Contains the arguments passed to handlers of the ConnectorImported event.
            </summary>
        </member>
        <member name="M:MindFusion.Diagramming.Import.ConnectorImportedEventArgs.#ctor(MindFusion.Diagramming.DiagramLink,System.String,System.Xml.XmlNode)">
            <summary>
            Initializes a new instance of the ConnectorImportedEventArgs class.
            </summary>
        </member>
        <member name="P:MindFusion.Diagramming.Import.ConnectorImportedEventArgs.Link">
            <summary>
            Gets the imported link.
            </summary>
        </member>
        <member name="P:MindFusion.Diagramming.Import.ConnectorImportedEventArgs.ShapeName">
            <summary>
            Gets the Visio name of the link shape.
            </summary>
        </member>
        <member name="P:MindFusion.Diagramming.Import.ConnectorImportedEventArgs.ConnectorXml">
            <summary>
            Gets the XML DOM element corresponding to the Visio document's
            XML code that describes the imported connector.
            </summary>
        </member>
        <member name="T:MindFusion.Diagramming.Import.ShapeImportedEventArgs">
            <summary>
            Contains the arguments passed to handlers of the ShapeImported event.
            </summary>
        </member>
        <member name="P:MindFusion.Diagramming.Import.ShapeImportedEventArgs.Shape">
            <summary>
            Gets the node that has been created for the imported shape.
            </summary>
        </member>
        <member name="P:MindFusion.Diagramming.Import.ShapeImportedEventArgs.ShapeName">
            <summary>
            Gets the Visio shape identifier.
            </summary>
        </member>
        <member name="P:MindFusion.Diagramming.Import.ShapeImportedEventArgs.ShapeXml">
            <summary>
            Gets the XML DOM element corresponding to the Visio document's
            XML code that describes the imported shape.
            </summary>
        </member>
        <member name="T:MindFusion.Diagramming.Import.GroupImportedEventArgs">
            <summary>
            Contains the arguments passed to handlers of the GroupImported event.
            </summary>
        </member>
        <member name="P:MindFusion.Diagramming.Import.GroupImportedEventArgs.Group">
            <summary>
            A Group instance created for the imported group.
            </summary>
        </member>
        <member name="T:MindFusion.Diagramming.Import.ImportItemEventArgs">
            <summary>
            Contains the arguments passed to handlers of the ImportItem event.
            </summary>
        </member>
        <member name="P:MindFusion.Diagramming.Import.ImportItemEventArgs.ShapeXml">
            <summary>
            Gets the XML DOM element corresponding to the Visio document's
            XML code that describes the imported shape.
            </summary>
        </member>
        <member name="P:MindFusion.Diagramming.Import.ImportItemEventArgs.MasterXml">
            <summary>
            Gets the XML DOM element corresponding to the Visio document's
            XML code that describes the shape master.
            </summary>
        </member>
        <member name="P:MindFusion.Diagramming.Import.ImportItemEventArgs.Item">
            <summary>
            Gets or sets the item that should represent the Visio shape
            specified by ShapeXml in the imported diagram.
            </summary>
        </member>
        <member name="P:MindFusion.Diagramming.Import.ImportItemEventArgs.NamespaceManager">
            <summary>
            Gets an XmlNamespaceManager instance with preloaded Visio namespaces that can be used 
            when querying the XML elements provided by this ImportItemEventArgs instance.
            </summary>
        </member>
        <member name="P:MindFusion.Diagramming.Import.ImportItemEventArgs.MasterName">
            <summary>
            Gets the name associated with shape's master.
            </summary>
        </member>
        <member name="M:MindFusion.Diagramming.Import.Tools.DeviceContext.GetDeviceCaps(System.IntPtr,System.Int32)">
            <summary>
            GetDeviceCaps import.
            </summary>
        </member>
        <member name="M:MindFusion.Diagramming.Import.Tools.DeviceContext.GetActiveWindow">
            <summary>
            GetActiveWindow import.
            </summary>
        </member>
        <member name="M:MindFusion.Diagramming.Import.Tools.DeviceContext.GetDC(System.IntPtr)">
            <summary>
            GetDC import.
            </summary>
        </member>
        <member name="M:MindFusion.Diagramming.Import.Tools.DeviceContext.ReleaseDC(System.IntPtr,System.IntPtr)">
            <summary>
            ReleaseDC import.
            </summary>
        </member>
    </members>
</doc>
