<?xml version="1.0"?>
<doc>
    <assembly>
        <name>MindFusion.Mapping</name>
    </assembly>
    <members>
        <member name="T:MindFusion.Mapping.ShapeType">
            <summary>
            Specifies the type of shapes contained in an ESRI map file.
            </summary>
        </member>
        <member name="F:MindFusion.Mapping.ShapeType.NullShape">
            <summary>
            Indicates a null shape with no geometric data; often used as a
            place holder until data becomes available.
            </summary>
        </member>
        <member name="F:MindFusion.Mapping.ShapeType.Point">
            <summary>
            Indicates a Point shape, which contains  X (longitude) and
            Y (latitude) coordinates.
            </summary>
        </member>
        <member name="F:MindFusion.Mapping.ShapeType.PolyLine">
            <summary>
            Indicates a Polyline shape, which contains several ordered
            sets of points rendered as connected line segments.
            </summary>
        </member>
        <member name="F:MindFusion.Mapping.ShapeType.Polygon">
            <summary>
            Indicates a Polygon shape, which contains several ordered
            sets of points rendered as filled polygons.
            </summary>
        </member>
        <member name="F:MindFusion.Mapping.ShapeType.MultiPoint">
            <summary>
            Indicates a MultiPoint shape, which contains a set of points.
            </summary>
        </member>
        <member name="F:MindFusion.Mapping.ShapeType.PointZ">
            <summary>
            Indicates a PointZ shape, which is a Point with additional Z and measure attributes.
            </summary>
        </member>
        <member name="F:MindFusion.Mapping.ShapeType.PolyLineZ">
            <summary>
            Indicates a PolyLineZ shape, which is a PolyLine with additional Z and measure attributes.
            </summary>
        </member>
        <member name="F:MindFusion.Mapping.ShapeType.PolygonZ">
            <summary>
            Indicates a PolygonZ shape, which is a Polygon with additional Z and measure attributes.
            </summary>
        </member>
        <member name="F:MindFusion.Mapping.ShapeType.MultiPointZ">
            <summary>
            Indicates a MultiPointZ shape, which is a MultiPoint with additional Z and measure attributes.
            </summary>
        </member>
        <member name="F:MindFusion.Mapping.ShapeType.PointM">
            <summary>
            Indicates a PointM shape, which is a Point with an additional measure attribute.
            </summary>
        </member>
        <member name="F:MindFusion.Mapping.ShapeType.PolyLineM">
            <summary>
            Indicates a PolyLineM shape, which is a PolyLine with additional measure attributes.
            </summary>
        </member>
        <member name="F:MindFusion.Mapping.ShapeType.PolygonM">
            <summary>
            Indicates a PolygonM shape, which is a Polygon with additional measure attributes.
            </summary>
        </member>
        <member name="F:MindFusion.Mapping.ShapeType.MultiPointM">
            <summary>
            Indicates a MultiPointM shape, which is a MultiPoint with additional measure attributes.
            </summary>
        </member>
        <member name="F:MindFusion.Mapping.ShapeType.MultiPatch">
            <summary>
            Indicates a MultiPatch shape, which consists of a number of surface patches.
            </summary>
        </member>
        <member name="T:MindFusion.Mapping.Shape">
            <summary>
            Represents geometrical shapes displayed on a map.
            </summary>
        </member>
        <member name="T:MindFusion.Mapping.MapElement">
            <summary>
            Represents visual elements of a map that can be drawn and hit-tested.
            </summary>
        </member>
        <member name="M:MindFusion.Mapping.MapElement.#ctor">
            <summary>
            Initializes a new instance of the MapElement class.
            </summary>
        </member>
        <member name="M:MindFusion.Mapping.MapElement.Draw(MindFusion.Mapping.ICanvas)">
            <summary>
            Draws this map element on the specified drawing surface.
            </summary>
            <param name="canvas">An ICanvas representing the drawing surface.</param>
        </member>
        <member name="M:MindFusion.Mapping.MapElement.Highlight(MindFusion.Mapping.ICanvas)">
            <summary>
            Draws a highlight of this map element.
            </summary>
            <param name="canvas">An ICanvas representing the drawing surface.</param>
        </member>
        <member name="M:MindFusion.Mapping.MapElement.DrawLabel(MindFusion.Mapping.ICanvas)">
            <summary>
            Draws the label of this map element.
            </summary>
            <param name="canvas">An ICanvas representing the drawing surface.</param>
        </member>
        <member name="M:MindFusion.Mapping.MapElement.HitTest(MindFusion.Mapping.Point,MindFusion.Mapping.ITransform)">
            <summary>
            Tests whether this map element contains the specified point.
            </summary>
            <param name="point">A Point representing a location on the map.</param>
            <param name="transform">An ITransform representing the transform currently used to render the map.</param>
            <returns>true if this element contains the specified point, otherwise false.</returns>
        </member>
        <member name="P:MindFusion.Mapping.MapElement.Label">
            <summary>
            Gets or sets the label of this map element.
            </summary>
        </member>
        <member name="P:MindFusion.Mapping.MapElement.FontName">
            <summary>
            Gets or sets the name of the font used to render the label of this element.
            </summary>
        </member>
        <member name="P:MindFusion.Mapping.MapElement.FontSize">
            <summary>
            Gets or sets the size of the font used to render the label of this element.
            </summary>
        </member>
        <member name="M:MindFusion.Mapping.Shape.#ctor(System.Int32)">
            <summary>
            Initializes a new instance of the Shape class.
            </summary>
            <param name="id">The record number of this shape in the ESRI map file.</param>
        </member>
        <member name="M:MindFusion.Mapping.Shape.GetCenter">
            <summary>
            Gets the center point of this shape.
            </summary>
            <returns>A Point representing the shape's center.</returns>
        </member>
        <member name="M:MindFusion.Mapping.Shape.GetBoundingBox">
            <summary>
            Gets the bounding box of this shape.
            </summary>
            <returns>A Rect representing the shape's bounding box.</returns>
        </member>
        <member name="M:MindFusion.Mapping.Shape.ClearCache">
            <summary>
            Clears any cached values associated with the shape for the current zoom level.
            </summary>
        </member>
        <member name="M:MindFusion.Mapping.Shape.SaveTo(System.IO.BinaryWriter)">
            <summary>
            Saves this shape to the specified stream.
            </summary>
            <param name="writer">A BinaryWriter used to write the shape's data to a stream.</param>
        </member>
        <member name="F:MindFusion.Mapping.Shape.Id">
            <summary>
            The record number of this shape in the ESRI map file.
            </summary>
        </member>
        <member name="P:MindFusion.Mapping.Shape.Color">
            <summary>
            Gets or sets the index of the shape's color within the current color palette.
            </summary>
        </member>
        <member name="P:MindFusion.Mapping.Shape.HitTestDistance">
            <summary>
            Gets or set the current hit test threshold distance.
            </summary>
        </member>
        <member name="P:MindFusion.Mapping.Shape.Type">
            <summary>
            Gets the ESRI shape type of this Shape.
            </summary>
        </member>
        <member name="P:MindFusion.Mapping.Shape.DatabaseRow">
            <summary>
            Gets the DBF database row associated with this Shape.
            </summary>
        </member>
        <member name="T:MindFusion.Mapping.Database">
            <summary>
            Represents the DBF database associated with an ESRI map file.
            </summary>
        </member>
        <member name="M:MindFusion.Mapping.Database.#ctor(MindFusion.Mapping.Database)">
            <summary>
            Creates a new instance of the Database class.
            </summary>
            <param name="schema">A prototype database whose schema should be copied to this database.</param>
        </member>
        <member name="M:MindFusion.Mapping.Database.#ctor(System.String)">
            <summary>
            Creates a new instance of the Database class.
            </summary>
            <param name="fileName">Specifies the file name of the DBF database file.</param>
        </member>
        <member name="M:MindFusion.Mapping.Database.#ctor(System.IO.BinaryReader)">
            <summary>
            Creates a new instance of the Database class.
            </summary>
            <param name="reader">Specifies a stream from which to load the database data.</param>
        </member>
        <member name="M:MindFusion.Mapping.Database.GetList">
            <summary>
            Implements IListSource.GetList.
            </summary>
            <returns>An IList containing the database rows.</returns>
        </member>
        <member name="M:MindFusion.Mapping.Database.SaveTo(System.String)">
            <summary>
            Saves this database to the specified file.
            </summary>
            <param name="fileName">A string value specifying the file name.</param>
        </member>
        <member name="M:MindFusion.Mapping.Database.SaveTo(System.IO.BinaryWriter)">
            <summary>
            Saves this database to the specified stream.
            </summary>
            <param name="writer">A BinaryWriter used to write the database data.</param>
        </member>
        <member name="M:MindFusion.Mapping.Database.LoadFrom(System.String)">
            <summary>
            Loads database data from the specified file.
            </summary>
            <param name="fileName">A string value specifying the file name.</param>
        </member>
        <member name="M:MindFusion.Mapping.Database.LoadFrom(System.IO.BinaryReader)">
            <summary>
            Loads database data from the specified stream.
            </summary>
            <param name="reader">A BinaryReader used to read database data.</param>
        </member>
        <member name="P:MindFusion.Mapping.Database.Columns">
            <summary>
            Gets a list of columns in the database.
            </summary>
        </member>
        <member name="P:MindFusion.Mapping.Database.Rows">
            <summary>
            Gets a list of rows in the database.
            </summary>
        </member>
        <member name="P:MindFusion.Mapping.Database.Item(System.Int32)">
            <summary>
            Gets the column with the specified index.
            </summary>
            <param name="nIndex">An integer value specifying the column index.</param>
            <returns>A Column instance representing the database column.</returns>
        </member>
        <member name="P:MindFusion.Mapping.Database.Item(System.String)">
            <summary>
            Gets the column with the specified name.
            </summary>
            <param name="name">A string value specifying the column name.</param>
            <returns>A Column instance representing the database column.</returns>
        </member>
        <member name="P:MindFusion.Mapping.Database.ColumnCount">
            <summary>
            Returns the number of column in the database.
            </summary>
        </member>
        <member name="P:MindFusion.Mapping.Database.RowLength">
            <summary>
            Returns the length in bytes of a database row.
            </summary>
        </member>
        <member name="P:MindFusion.Mapping.Database.ContainsListCollection">
            <summary>
            Implements IListSource.ContainsListCollection.
            </summary>
        </member>
        <member name="T:MindFusion.Mapping.ICanvasWithPalette`1">
            <summary>
            Represents a drawing canvas with an associated palette of colors.
            </summary>
            <typeparam name="TColor">The type used to represent colors.</typeparam>
        </member>
        <member name="T:MindFusion.Mapping.ICanvas">
            <summary>
            Represents a drawing canvas.
            </summary>
        </member>
        <member name="M:MindFusion.Mapping.ICanvas.DrawString(System.String,MindFusion.Mapping.Point,MindFusion.Mapping.Rect,System.String,System.Double)">
            <summary>
            Draws a string with the specified attributes.
            </summary>
            <param name="s">The string that should be drawn.</param>
            <param name="point">A Point specifying the string location.</param>
            <param name="bounds">A Rect specifying the string bounding box.</param>
            <param name="fontName">The name of the font used to render the string.</param>
            <param name="fontSize">The size of the font used to render the string.</param>
        </member>
        <member name="M:MindFusion.Mapping.ICanvas.DrawPoint(MindFusion.Mapping.Point)">
            <summary>
            Draws a point marker at the specified location.
            </summary>
            <param name="point">The Point to draw.</param>
        </member>
        <member name="M:MindFusion.Mapping.ICanvas.DrawPolyline(System.Collections.Generic.IList{MindFusion.Mapping.Point})">
            <summary>
            Draws a polyline.
            </summary>
            <param name="points">A list of points specifying the polyline segments.</param>
        </member>
        <member name="M:MindFusion.Mapping.ICanvas.FillPolygon(System.Collections.Generic.IList{MindFusion.Mapping.Point})">
            <summary>
            Fills a polygon.
            </summary>
            <param name="points">A list of points specifying the polygon borders.</param>
        </member>
        <member name="M:MindFusion.Mapping.ICanvas.ClipExclude(System.Collections.Generic.IList{MindFusion.Mapping.Point})">
            <summary>
            Excludes the specified area from the current clip region.
            </summary>
            <param name="points">A list of points specifying the area to exclude.</param>
        </member>
        <member name="M:MindFusion.Mapping.ICanvas.ClipExclude(System.Collections.Generic.List{System.Collections.Generic.IList{MindFusion.Mapping.Point}})">
            <summary>
            Excludes the specified areas from the current clip region.
            </summary>
            <param name="points">A list of points specifying the area to exclude.</param>
        </member>
        <member name="M:MindFusion.Mapping.ICanvas.ResetClip">
            <summary>
            Resets the current clip region.
            </summary>
        </member>
        <member name="M:MindFusion.Mapping.ICanvas.SetFillColor(System.Int32)">
            <summary>
            Sets the current fill color to the specified color from the palette.
            </summary>
            <param name="color"></param>
        </member>
        <member name="M:MindFusion.Mapping.ICanvas.SetLineColor">
            <summary>
            Sets the current line color to the line color associated with this canvas.
            </summary>
        </member>
        <member name="M:MindFusion.Mapping.ICanvas.SetHighlightColor">
            <summary>
            Sets the current fill and line colors to the highlight color associated with this canvas.
            </summary>
        </member>
        <member name="M:MindFusion.Mapping.ICanvas.SetTextAlignment(MindFusion.Mapping.TextAlignment,MindFusion.Mapping.TextAlignment)">
            <summary>
            Sets the current text alignment.
            </summary>
            <param name="horzAlignment">A TextAlignment member specifying the horizontal alignment.</param>
            <param name="vertAlignment">A TextAlignment member specifying the vertical alignment.</param>
        </member>
        <member name="M:MindFusion.Mapping.ICanvas.GetPixelSize">
            <summary>
            Gets the size of a pixel at the current zoom level.
            </summary>
            <returns>A double value specifying the pixel size.</returns>
        </member>
        <member name="P:MindFusion.Mapping.ICanvasWithPalette`1.Palette">
            <summary>
            Gets or sets the color palette associated with this drawing canvas.
            </summary>
        </member>
        <member name="T:MindFusion.Mapping.IPalette`1">
            <summary>
            Represents a palette of colors.
            </summary>
            <typeparam name="TColor">The type representing colors.</typeparam>
        </member>
        <member name="P:MindFusion.Mapping.IPalette`1.FillColors">
            <summary>
            Gets or sets an array of fill colors.
            </summary>
        </member>
        <member name="P:MindFusion.Mapping.IPalette`1.LineColor">
            <summary>
            Gets or sets the line color.
            </summary>
        </member>
        <member name="P:MindFusion.Mapping.IPalette`1.HighlightColor">
            <summary>
            Gets or sets the highlight color.
            </summary>
        </member>
        <member name="T:MindFusion.Mapping.MapLayerBase`2">
            <summary>
            Represents a map layer containing geometric shapes.
            </summary>
            <typeparam name="TColor">Specifies the type used to represent colors.</typeparam>
            <typeparam name="TPalette">Specifies the type used to represent color palettes.</typeparam>
        </member>
        <member name="T:MindFusion.Mapping.Layer`2">
            <summary>
            Represents a map layer.
            </summary>
            <typeparam name="TColor">Specifies the type used to represent colors.</typeparam>
            <typeparam name="TPalette">Specifies the type used to represent color palettes.</typeparam>
        </member>
        <member name="M:MindFusion.Mapping.Layer`2.#ctor">
            <summary>
            Initializes a new instance of the Layer class.
            </summary>
        </member>
        <member name="M:MindFusion.Mapping.Layer`2.Draw(MindFusion.Mapping.ICanvasWithPalette{`0},MindFusion.Mapping.Rect)">
            <summary>
            Draws the elements of this layer on the specified canvas.
            </summary>
            <param name="canvas">An ICanvasWithPalette specifying the drawing canvas.</param>
            <param name="bounds">A Rect specifying the map region to draw.</param>
        </member>
        <member name="M:MindFusion.Mapping.Layer`2.Draw(MindFusion.Mapping.MapElement,MindFusion.Mapping.ICanvas)">
            <summary>
            Draws the specified map element on the specified canvas.
            </summary>
            <param name="element">A MapElement instance that should be rendered on the canvas.</param>
            <param name="canvas">An ICanvasWithPalette specifying the drawing canvas.</param>
        </member>
        <member name="M:MindFusion.Mapping.Layer`2.DrawHighlights(MindFusion.Mapping.ICanvasWithPalette{`0},MindFusion.Mapping.Rect)">
            <summary>
            Draws the layer's highlighted elements on the specified canvas.
            </summary>
            <param name="canvas">An ICanvasWithPalette specifying the drawing canvas.</param>
            <param name="bounds">A Rect specifying the map region to draw.</param>
        </member>
        <member name="M:MindFusion.Mapping.Layer`2.DrawLabels(MindFusion.Mapping.ICanvasWithPalette{`0},MindFusion.Mapping.Rect)">
            <summary>
            Draws the labels of elements of this layer on the specified canvas.
            </summary>
            <param name="canvas">An ICanvasWithPalette specifying the drawing canvas.</param>
            <param name="bounds">A Rect specifying the map region to draw.</param>
        </member>
        <member name="M:MindFusion.Mapping.Layer`2.HitTest(MindFusion.Mapping.Point,MindFusion.Mapping.ITransform)">
            <summary>
            Returns the map element located at the specified point.
            </summary>
            <param name="mousePosition">A Point instance specifying location.</param>
            <param name="transform">The transform currently used to draw the map.</param>
            <returns>The MapElement that contains the specified point.</returns>
        </member>
        <member name="M:MindFusion.Mapping.Layer`2.Highlight(MindFusion.Mapping.MapElement)">
            <summary>
            Highlights the specified map element.
            </summary>
            <param name="mapElement">The MapElement that should be highlighted.</param>
            <returns>true if the map view should be redrawn, otherwise false.</returns>
        </member>
        <member name="M:MindFusion.Mapping.Layer`2.Select(MindFusion.Mapping.MapElement)">
            <summary>
            Selects the specified map element.
            </summary>
            <param name="mapElement">The MapElement that should be selected.</param>
            <returns>true if the map view should be redrawn, otherwise false.</returns>
        </member>
        <member name="M:MindFusion.Mapping.Layer`2.Toggle(MindFusion.Mapping.MapElement)">
            <summary>
            Toggles the selection state the specified map element.
            </summary>
            <param name="mapElement">The MapElement whose selection state should be toggled.</param>
            <returns>true if the map view should be redrawn, otherwise false.</returns>
        </member>
        <member name="M:MindFusion.Mapping.Layer`2.ClearCache">
            <summary>
            Clears any cached values associated with the layer for the current zoom level.
            </summary>
        </member>
        <member name="M:MindFusion.Mapping.Layer`2.OnAsyncLoadComplete">
            <summary>
            Raises the AsyncLoadComplete event.
            </summary>
        </member>
        <member name="M:MindFusion.Mapping.Layer`2.OnAsyncDatabaseLoadComplete">
            <summary>
            Raises the AsyncDatabaseLoadComplete event.
            </summary>
        </member>
        <member name="M:MindFusion.Mapping.Layer`2.OnPropertyChanged(System.String)">
            <summary>
            Raises the PropertyChanged event.
            </summary>
            <param name="propertyName">A string specifying the name of the property whose value has changed.</param>
        </member>
        <member name="P:MindFusion.Mapping.Layer`2.BoundingBox">
            <summary>
            Returns the bounding box of elements in this layer.
            </summary>
        </member>
        <member name="P:MindFusion.Mapping.Layer`2.Visible">
            <summary>
            Gets or sets whether this layer should be visible in the map view.
            </summary>
        </member>
        <member name="P:MindFusion.Mapping.Layer`2.EnableHighlight">
            <summary>
            Gets or sets whether map elements should be automatically highlighted
            when the mouse hovers over them.
            </summary>
        </member>
        <member name="P:MindFusion.Mapping.Layer`2.EnableSelection">
            <summary>
            Gets or sets whether map elements should be selected when the user clicks them.
            </summary>
        </member>
        <member name="P:MindFusion.Mapping.Layer`2.FillColors">
            <summary>
            Gets or sets the colors used to fill map elements on this layer.
            </summary>
        </member>
        <member name="P:MindFusion.Mapping.Layer`2.LineColor">
            <summary>
            Gets or sets the line color used to draw elements on this layer.
            </summary>
        </member>
        <member name="P:MindFusion.Mapping.Layer`2.HighlightColor">
            <summary>
            Gets or sets the color used to highlight elements on this layer.
            </summary>
        </member>
        <member name="P:MindFusion.Mapping.Layer`2.Palette">
            <summary>
            Gets or sets the color palette associated with this layer.
            </summary>
        </member>
        <member name="E:MindFusion.Mapping.Layer`2.PropertyChanged">
            <summary>
            Raised when the value of a property of the Layer class is changed.
            </summary>
        </member>
        <member name="E:MindFusion.Mapping.Layer`2.AsyncLoadComplete">
            <summary>
            Raised when an asynchronous shapefile-read operation is completed.
            </summary>
        </member>
        <member name="E:MindFusion.Mapping.Layer`2.AsyncDatabaseLoadComplete">
            <summary>
            Raised when an asynchronous database-read operation is completed.
            </summary>
        </member>
        <member name="M:MindFusion.Mapping.MapLayerBase`2.#ctor">
            <summary>
            Initializes a new instance of the MapLayerBase class.
            </summary>
        </member>
        <member name="M:MindFusion.Mapping.MapLayerBase`2.Draw(MindFusion.Mapping.ICanvasWithPalette{`0},MindFusion.Mapping.Rect)">
            <summary>
            Layer.Draw override.
            </summary>
            <param name="canvas">An ICanvasWithPalette specifying the drawing canvas.</param>
            <param name="bounds">A Rect specifying the map region to draw.</param>
        </member>
        <member name="M:MindFusion.Mapping.MapLayerBase`2.DrawHighlights(MindFusion.Mapping.ICanvasWithPalette{`0},MindFusion.Mapping.Rect)">
            <summary>
            Overrides Layer.DrawHighlights.
            </summary>
            <param name="canvas">An ICanvasWithPalette specifying the drawing canvas.</param>
            <param name="bounds">A Rect specifying the map region to draw.</param>
        </member>
        <member name="M:MindFusion.Mapping.MapLayerBase`2.DrawLabels(MindFusion.Mapping.ICanvasWithPalette{`0},MindFusion.Mapping.Rect)">
            <summary>
            Layer.DrawLabels override.
            </summary>
            <param name="canvas">An ICanvasWithPalette specifying the drawing canvas.</param>
            <param name="bounds">A Rect specifying the map region to draw.</param>
        </member>
        <member name="M:MindFusion.Mapping.MapLayerBase`2.ClearCache">
            <summary>
            Layer.ClearCache override.
            </summary>
        </member>
        <member name="M:MindFusion.Mapping.MapLayerBase`2.HitTest(MindFusion.Mapping.Point,MindFusion.Mapping.ITransform)">
            <summary>
            Layer.HitTest override.
            </summary>
            <param name="mousePosition">A Point instance specifying location.</param>
            <param name="transform">The transform currently used to draw the map.</param>
            <returns>The MapElement that contains the specified point.</returns>
        </member>
        <member name="M:MindFusion.Mapping.MapLayerBase`2.Highlight(MindFusion.Mapping.MapElement)">
            <summary>
            Layer.Highlight override.
            </summary>
            <param name="mapElement">The MapElement that should be highlighted.</param>
            <returns>true if the map view should be redrawn, otherwise false.</returns>
        </member>
        <member name="M:MindFusion.Mapping.MapLayerBase`2.Select(MindFusion.Mapping.MapElement)">
            <summary>
            Layer.Select override.
            </summary>
            <param name="mapElement">The MapElement that should be selected.</param>
            <returns>true if the map view should be redrawn, otherwise false.</returns>
        </member>
        <member name="M:MindFusion.Mapping.MapLayerBase`2.Toggle(MindFusion.Mapping.MapElement)">
            <summary>
            Layer.Toggle override.
            </summary>
            <param name="mapElement">The MapElement whose selection state should be toggled.</param>
            <returns>true if the map view should be redrawn, otherwise false.</returns>
        </member>
        <member name="P:MindFusion.Mapping.MapLayerBase`2.Map">
            <summary>
            Gets or sets the Map whose elements should be rendered on this layer.
            </summary>
        </member>
        <member name="P:MindFusion.Mapping.MapLayerBase`2.BoundingBox">
            <summary>
            Layer.BoundingBox override.
            </summary>
        </member>
        <member name="P:MindFusion.Mapping.MapLayerBase`2.Selection">
            <summary>
            Gets the list of selected map shapes.
            </summary>
        </member>
        <member name="T:MindFusion.Mapping.ITransform">
            <summary>
            Represents a geometrical transform used to convert world coordinates
            to screen coordinates.
            </summary>
        </member>
        <member name="M:MindFusion.Mapping.ITransform.WorldToDevice(MindFusion.Mapping.Point)">
            <summary>
            Convert a point from world to screen coordinates.
            </summary>
            <param name="point">A Point specifying world coordinates.</param>
            <returns>A Point containing the corresponding screen coordinates.</returns>
        </member>
        <member name="M:MindFusion.Mapping.ITransform.DeviceToWorld(MindFusion.Mapping.Point)">
            <summary>
            Convert a point from screen to world coordinates.
            </summary>
            <param name="point">A Point specifying screen coordinates.</param>
            <returns>A Point containing the corresponding world coordinates.</returns>
        </member>
        <member name="T:MindFusion.Mapping.Decoration">
            <summary>
            Represents a decoration element drawn in a separate layer over the map.
            </summary>
        </member>
        <member name="M:MindFusion.Mapping.Decoration.#ctor(System.Double,System.Double)">
            <summary>
            Initializes a new instance of the Decoration class.
            </summary>
            <param name="latitude">Specifies the latitude associated with this element.</param>
            <param name="longitude">Specifies the longitude associated with this element.</param>
        </member>
        <member name="P:MindFusion.Mapping.Decoration.Longitude">
            <summary>
            Gets or sets the longitude associated with this decoration.
            </summary>
        </member>
        <member name="P:MindFusion.Mapping.Decoration.Latitude">
            <summary>
            Gets or sets the latitude associated with this decoration.
            </summary>
        </member>
        <member name="T:MindFusion.Mapping.NullShape">
            <summary>
            Represents a null shape with no geometric data; often used as a
            place holder until data becomes available.
            </summary>
        </member>
        <member name="M:MindFusion.Mapping.NullShape.#ctor(System.Int32)">
            <summary>
            Initializes a new instance of the NullShape class.
            </summary>
            <param name="id">The record number of this shape in the ESRI map file.</param>
        </member>
        <member name="M:MindFusion.Mapping.NullShape.SaveTo(System.IO.BinaryWriter)">
            <summary>
            Shape.SaveTo override.
            </summary>
            <param name="writer">A BinaryWriter used to write the shape's data to a stream.</param>
        </member>
        <member name="M:MindFusion.Mapping.NullShape.Draw(MindFusion.Mapping.ICanvas)">
            <summary>
            MapElement.Draw override.
            </summary>
            <param name="canvas">An ICanvas representing the drawing surface.</param>
        </member>
        <member name="M:MindFusion.Mapping.NullShape.HitTest(MindFusion.Mapping.Point,MindFusion.Mapping.ITransform)">
            <summary>
            MapElement.HitTest override.
            </summary>
            <param name="point">A Point representing a location on the map.</param>
            <param name="transform">An ITransform representing the transform currently used to render the map.</param>
            <returns>true if this element contains the specified point, otherwise false.</returns>
        </member>
        <member name="M:MindFusion.Mapping.NullShape.GetCenter">
            <summary>
            Shape.GetCenter override.
            </summary>
            <returns>A Point representing the shape's center.</returns>
        </member>
        <member name="M:MindFusion.Mapping.NullShape.GetBoundingBox">
            <summary>
            Shape.GetBoundingBox override.
            </summary>
            <returns>A Rect representing the shape's bounding box.</returns>
        </member>
        <member name="P:MindFusion.Mapping.NullShape.Type">
            <summary>
            Shape.Type override.
            </summary>
        </member>
        <member name="T:MindFusion.Mapping.Map">
            <summary>
            Represents a geographic map.
            </summary>
        </member>
        <member name="M:MindFusion.Mapping.Map.#ctor">
            <summary>
            Initializes a new instance of the Map class.
            </summary>
        </member>
        <member name="M:MindFusion.Mapping.Map.FromFile(System.String)">
            <summary>
            Creates and loads a map from the specified file.
            </summary>
            <param name="fileName">Specifies the file name of an ESRI map file.</param>
            <returns>The Map loaded from the specified file.</returns>
        </member>
        <member name="M:MindFusion.Mapping.Map.FromFile(System.String,System.Boolean,System.String)">
            <summary>
            Creates and loads a map from the specified file.
            </summary>
            <param name="fileName">Specifies the file name of an ESRI map file.</param>
            <param name="loadDatabase">true to load the database associated with the specified map file, otherwise false.</param>
            <param name="labelField">A string specifying the name of the database column whose fields should be used as map element labels.</param>
            <returns>The Map loaded from the specified file.</returns>
        </member>
        <member name="M:MindFusion.Mapping.Map.Latitude(System.Double,System.Double,System.Char)">
            <summary>
            Converts latitude specified in arc degree, minutes, 'N'/'S' to its representation as a double value.
            </summary>
            <param name="degrees">Specifies the latitude arc degrees.</param>
            <param name="minutes">Specifies the latitude arc minutes.</param>
            <param name="ns">A char value specifying 'N' for north or 'S' for south.</param>
            <returns>A double value representing the specified latitude.</returns>
        </member>
        <member name="M:MindFusion.Mapping.Map.Latitude(System.Double,System.Double,System.Double,System.Char)">
            <summary>
            Converts latitude specified in arc degrees, minutes, seconds, 'N'/'S' to its representation as a double value.
            </summary>
            <param name="degrees">Specifies the latitude arc degrees.</param>
            <param name="minutes">Specifies the latitude arc minutes.</param>
            <param name="seconds">Specifies the latitude arc seconds.</param>
            <param name="ns">A char value specifying 'N' for north or 'S' for south.</param>
            <returns>A double value representing the specified latitude.</returns>
        </member>
        <member name="M:MindFusion.Mapping.Map.Longitude(System.Double,System.Double,System.Char)">
            <summary>
            Converts longitude specified in arc degrees, minutes, 'E'/'W' to its representation as a double value.
            </summary>
            <param name="degrees">Specifies the longitude arc degrees.</param>
            <param name="minutes">Specifies the longitude arc minutes.</param>
            <param name="ew">A char value specifying 'E' for east or 'W' for west.</param>
            <returns>A double value representing the specified longitude.</returns>
        </member>
        <member name="M:MindFusion.Mapping.Map.Longitude(System.Double,System.Double,System.Double,System.Char)">
            <summary>
            Converts longitude specified in arc degrees, minutes, 'E'/'W' to its representation as a double value.
            </summary>
            <param name="degrees">Specifies the longitude arc degrees.</param>
            <param name="minutes">Specifies the longitude arc minutes.</param>
            <param name="seconds">Specifies the longitude arc seconds.</param>
            <param name="ew">A char value specifying 'E' for east or 'W' for west.</param>
            <returns>A double value representing the specified longitude.</returns>
        </member>
        <member name="M:MindFusion.Mapping.Map.LoadFromFile(System.String)">
            <summary>
            Loads the map data from the specified ESRI map file.
            </summary>
            <param name="fileName">The file name of the map file.</param>
        </member>
        <member name="M:MindFusion.Mapping.Map.LoadFromFile(System.String,System.Boolean)">
            <summary>
            Loads the map data from the specified ESRI map file.
            </summary>
            <param name="fileName">The file name of the map file.</param>
            <param name="loadDatabase">true to load the database associated with the specified map file, otherwise false.</param>
        </member>
        <member name="M:MindFusion.Mapping.Map.LoadFromFile(System.String,System.Boolean,System.String)">
            <summary>
            Loads the map data from the specified ESRI map file.
            </summary>
            <param name="fileName">The file name of the map file.</param>
            <param name="loadDatabase">true to load the database associated with the specified map file, otherwise false.</param>
            <param name="labelField">A string specifying the name of the database column whose fields should be used as map element labels.</param>
        </member>
        <member name="M:MindFusion.Mapping.Map.LoadFromFile(System.String,System.Boolean,System.Int32)">
            <summary>
            Loads the map data from the specified ESRI map file.
            </summary>
            <param name="fileName">The file name of the map file.</param>
            <param name="loadDatabase">true to load the database associated with the specified map file, otherwise false.</param>
            <param name="labelField">An integer specifying the index of the database column whose fields should be used as map element labels.</param>
        </member>
        <member name="M:MindFusion.Mapping.Map.LoadFromStream(System.IO.Stream)">
            <summary>
            Loads the map data from the specified stream.
            </summary>
            <param name="stream">A System.IO.Stream instance representing shapefile data.</param>
        </member>
        <member name="M:MindFusion.Mapping.Map.LoadFromStream(System.IO.Stream,System.IO.Stream,System.String)">
            <summary>
            Loads the map data from the specified stream.
            </summary>
            <param name="mapStream">A System.IO.Stream instance representing shapefile data.</param>
            <param name="dbfStream">A System.IO.Stream instance representing the map database.</param>
            <param name="labelField">Specifies the name of the database column containing labels of map elements.</param>
        </member>
        <member name="M:MindFusion.Mapping.Map.SaveToFile(System.String)">
            <summary>
            Saves the map to the specified file.
            </summary>
            <param name="fileName">A string specifying the file name.</param>
        </member>
        <member name="M:MindFusion.Mapping.Map.AssignColors">
            <summary>
            Assigns colors to polygon shapes in the map in such a way that
            no two adjacent polygons are painted in the same color.
            </summary>
        </member>
        <member name="M:MindFusion.Mapping.Map.HitTest(MindFusion.Mapping.Point)">
            <summary>
            Returns the Shape that contains the specified point.
            </summary>
            <param name="point">A Point instance specifying location on the map.</param>
            <returns>The Shape that contains the specified point.</returns>
        </member>
        <member name="M:MindFusion.Mapping.Map.HitTest(MindFusion.Mapping.Point,MindFusion.Mapping.ITransform)">
            <summary>
            Returns the Shape that contains the specified point.
            </summary>
            <param name="point">A Point instance specifying location on the map.</param>
            <param name="transform">An ITransform specifying the transform used to render this map.</param>
            <returns>The Shape that contains the specified point.</returns>
        </member>
        <member name="M:MindFusion.Mapping.Map.ClearCache">
            <summary>
            Clears any cached values associated with the map for the current zoom level.
            </summary>
        </member>
        <member name="M:MindFusion.Mapping.Map.OnPropertyChanged(System.String)">
            <summary>
            Raises the PropertyChanged event.
            </summary>
            <param name="propertyName">A string specifying the name of the property whose value has changed.</param>
        </member>
        <member name="E:MindFusion.Mapping.Map.PropertyChanged">
            <summary>
            Raised when the value of a property of the Map class is changed.
            </summary>
        </member>
        <member name="P:MindFusion.Mapping.Map.BoundingBox">
            <summary>
            Returns the bounding box of all map shapes.
            </summary>
        </member>
        <member name="P:MindFusion.Mapping.Map.Shapes">
            <summary>
            Returns the list of map shapes.
            </summary>
        </member>
        <member name="P:MindFusion.Mapping.Map.ShapeType">
            <summary>
            Returns the shape type associated with this map.
            </summary>
        </member>
        <member name="P:MindFusion.Mapping.Map.Database">
            <summary>
            Gets or sets the DBF database associated with the map file.
            </summary>
        </member>
        <member name="T:MindFusion.Mapping.TextAlignment">
            <summary>
            Specifies text alignment.
            </summary>
        </member>
        <member name="F:MindFusion.Mapping.TextAlignment.Near">
            <summary>
            Indicates top or left alignment.
            </summary>
        </member>
        <member name="F:MindFusion.Mapping.TextAlignment.Center">
            <summary>
            Indicates center alignment.
            </summary>
        </member>
        <member name="F:MindFusion.Mapping.TextAlignment.Far">
            <summary>
            Indicates right or bottom alignment.
            </summary>
        </member>
        <member name="T:MindFusion.Mapping.Column">
            <summary>
            Represents a database column.
            </summary>
        </member>
        <member name="M:MindFusion.Mapping.Column.ToString">
            <summary>
            Object.ToString override.
            </summary>
            <returns>Returns the column name.</returns>
        </member>
        <member name="P:MindFusion.Mapping.Column.Name">
            <summary>
            Gets the column name.
            </summary>
        </member>
        <member name="P:MindFusion.Mapping.Column.Type">
            <summary>
            Gets the DBF column type.
            </summary>
        </member>
        <member name="P:MindFusion.Mapping.Column.Length">
            <summary>
            Gets the length of fields in this column.
            </summary>
        </member>
        <member name="P:MindFusion.Mapping.Column.Decimals">
            <summary>
            Gets the number of decimals stored for numeric values in this column.
            </summary>
        </member>
        <member name="T:MindFusion.Mapping.ColumnType">
            <summary>
            Specifies a DBF column type.
            </summary>
        </member>
        <member name="F:MindFusion.Mapping.ColumnType.Character">
            <summary>
            Indicates that the column stores character data.
            </summary>
        </member>
        <member name="F:MindFusion.Mapping.ColumnType.Number">
            <summary>
            Indicates that the column stores numeric data.
            </summary>
        </member>
        <member name="F:MindFusion.Mapping.ColumnType.Boolean">
            <summary>
            Indicates that the column stores Boolean data.
            </summary>
        </member>
        <member name="F:MindFusion.Mapping.ColumnType.Date">
            <summary>
            Indicates that the column stores date values.
            </summary>
        </member>
        <member name="F:MindFusion.Mapping.ColumnType.Memo">
            <summary>
            Indicates that the column stores memo data.
            </summary>
        </member>
        <member name="F:MindFusion.Mapping.ColumnType.Binary">
            <summary>
            Indicates that the column stores binary data.
            </summary>
        </member>
        <member name="F:MindFusion.Mapping.ColumnType.FloatingPoint">
            <summary>
            Indicates that the column stores floating point values.
            </summary>
        </member>
        <member name="F:MindFusion.Mapping.ColumnType.Integer">
            <summary>
            Indicates that the column stores integer values.
            </summary>
        </member>
        <member name="T:MindFusion.Mapping.Row">
            <summary>
            Represents a DBF database row.
            </summary>
        </member>
        <member name="P:MindFusion.Mapping.Row.Item(System.Int32)">
            <summary>
            Returns the data stored in the specified field.
            </summary>
            <param name="columnIndex">Specifies the index of the database column.</param>
            <returns>The string value of the specified field.</returns>
        </member>
        <member name="P:MindFusion.Mapping.Row.Item(System.String)">
            <summary>
            Returns the data stored in the specified field.
            </summary>
            <param name="columnName">Specifies the name of the database column.</param>
            <returns>The string value of the specified field.</returns>
        </member>
        <member name="P:MindFusion.Mapping.Row.Item(MindFusion.Mapping.Column)">
            <summary>
            Returns the data stored in the specified field.
            </summary>
            <param name="column">Specifies the database column.</param>
            <returns>The string value of the specified field.</returns>
        </member>
        <member name="P:MindFusion.Mapping.Row.Index">
            <summary>
            Gets or sets the row index.
            </summary>
        </member>
        <member name="T:MindFusion.Mapping.Rect">
            <summary>
            A class representing a rectangular are on the map.
            </summary>
        </member>
        <member name="M:MindFusion.Mapping.Rect.#ctor(System.Double,System.Double,System.Double,System.Double)">
            <summary>
            Initializes a new instance of the Rect class.
            </summary>
            <param name="xMin">The minimum X value.</param>
            <param name="yMin">The minimum Y value.</param>
            <param name="xMax">The maximum X value.</param>
            <param name="yMax">The maximum Y value.</param>
        </member>
        <member name="M:MindFusion.Mapping.Rect.#ctor(MindFusion.Mapping.Point,MindFusion.Mapping.Point)">
            <summary>
            Initializes a new instance of the Rect class.
            </summary>
            <param name="point1">A Point specifying one of the rectangle corners.</param>
            <param name="point2">A Point specifying the opposite rectangle corner.</param>
        </member>
        <member name="M:MindFusion.Mapping.Rect.#ctor(System.IO.BinaryReader)">
            <summary>
            Initializes a new instance of the Rect class.
            </summary>
            <param name="reader">A BinaryReader used to read the rectangle coordinates.</param>
        </member>
        <member name="M:MindFusion.Mapping.Rect.SaveTo(System.IO.BinaryWriter)">
            <summary>
            Saves the rectangle to the specified stream.
            </summary>
            <param name="writer">A BinaryWriter used to write the rectangle coordinates.</param>
        </member>
        <member name="M:MindFusion.Mapping.Rect.ContainsPoint(MindFusion.Mapping.Point)">
            <summary>
            Tests whether this rectangle contains the specified point.
            </summary>
            <param name="point">A Point instance.</param>
            <returns>true if this rectangle contains the point, otherwise false.</returns>
        </member>
        <member name="M:MindFusion.Mapping.Rect.ContainsPoint(MindFusion.Mapping.Point,System.Double)">
            <summary>
            Tests whether this rectangle contains the specified point within a threshold.
            </summary>
            <param name="point">A Point instance.</param>
            <param name="threshold">A threshold value.</param>
            <returns>true if this rectangle contains the point, otherwise false.</returns>
        </member>
        <member name="M:MindFusion.Mapping.Rect.Intersects(MindFusion.Mapping.Rect)">
            <summary>
            Tests whether this rectangle intersects with the specified rectangle.
            </summary>
            <param name="rect">A Rect instance.</param>
            <returns>true if the rectangles intersect, otherwise false.</returns>
        </member>
        <member name="M:MindFusion.Mapping.Rect.Intersect(MindFusion.Mapping.Rect)">
            <summary>
            Returns the intersection of this rectangle with the specified rectangle.
            </summary>
            <param name="rect">A Rect instance.</param>
            <returns>A Rect representing the intersection of the two rectangles.</returns>
        </member>
        <member name="M:MindFusion.Mapping.Rect.Divide">
            <summary>
            Divides this rectangle into four equal parts.
            </summary>
            <returns>An array of rectangles.</returns>
        </member>
        <member name="M:MindFusion.Mapping.Rect.GetCenter">
            <summary>
            Returns the rectangle center.
            </summary>
            <returns>A Point representing the center of this rectangle.</returns>
        </member>
        <member name="M:MindFusion.Mapping.Rect.GetLocation">
            <summary>
            Returns the min X/Y corner of this rectangle.
            </summary>
            <returns></returns>
        </member>
        <member name="M:MindFusion.Mapping.Rect.Union(MindFusion.Mapping.Rect,MindFusion.Mapping.Rect)">
            <summary>
            Returns the union of two rectangles.
            </summary>
            <param name="rect1">Specifies the first rectangle.</param>
            <param name="rect2">Specifies the second rectangle.</param>
            <returns>A Rect instance representing the union of specified rectangles.</returns>
        </member>
        <member name="P:MindFusion.Mapping.Rect.Width">
            <summary>
            Gets the rectangle width.
            </summary>
        </member>
        <member name="P:MindFusion.Mapping.Rect.Height">
            <summary>
            Gets the rectangle height.
            </summary>
        </member>
        <member name="P:MindFusion.Mapping.Rect.XMin">
            <summary>
            Gets or set the minimum X value.
            </summary>
        </member>
        <member name="P:MindFusion.Mapping.Rect.YMin">
            <summary>
            Gets or set the minimum Y value.
            </summary>
        </member>
        <member name="P:MindFusion.Mapping.Rect.XMax">
            <summary>
            Gets or set the maximum X value.
            </summary>
        </member>
        <member name="P:MindFusion.Mapping.Rect.YMax">
            <summary>
            Gets or set the maximum Y value.
            </summary>
        </member>
        <member name="T:MindFusion.Mapping.Point">
            <summary>
            Represents a point on the map with X (longitude) and Y (latitude) coordinates.
            </summary>
        </member>
        <member name="M:MindFusion.Mapping.Point.#ctor(System.Int32,System.IO.BinaryReader)">
            <summary>
            Initializes a new instance of the Point class.
            </summary>
            <param name="id">The record number of this point in the ESRI map file.</param>
            <param name="reader">A BinaryReader used to read the point data.</param>
        </member>
        <member name="M:MindFusion.Mapping.Point.#ctor(System.Double,System.Double)">
            <summary>
            Initializes a new instance of the Point class.
            </summary>
            <param name="x">A double value specifying longitude.</param>
            <param name="y">A double value specifying latitude.</param>
        </member>
        <member name="M:MindFusion.Mapping.Point.SaveTo(System.IO.BinaryWriter)">
            <summary>
            Saves the point to the specified stream.
            </summary>
            <param name="writer">A BinaryWriter used to write the point data.</param>
        </member>
        <member name="M:MindFusion.Mapping.Point.Distance(MindFusion.Mapping.Point)">
            <summary>
            Returns the distance from this point to the specified point.
            </summary>
            <param name="point">A Point instance.</param>
            <returns>A double value representing the distance between the two points.</returns>
        </member>
        <member name="M:MindFusion.Mapping.Point.Clone">
            <summary>
            Clones this point.
            </summary>
            <returns>A Point instance with the same coordinates as this point.</returns>
        </member>
        <member name="M:MindFusion.Mapping.Point.Draw(MindFusion.Mapping.ICanvas)">
            <summary>
            MapElement.Draw override.
            </summary>
            <param name="canvas">An ICanvas representing the drawing surface.</param>
        </member>
        <member name="M:MindFusion.Mapping.Point.DrawLabel(MindFusion.Mapping.ICanvas)">
            <summary>
            MapElement.DrawLabel override.
            </summary>
            <param name="canvas">An ICanvas representing the drawing surface.</param>
        </member>
        <member name="M:MindFusion.Mapping.Point.Highlight(MindFusion.Mapping.ICanvas)">
            <summary>
            MapElement.Highlight override.
            </summary>
            <param name="canvas">An ICanvas representing the drawing surface.</param>
        </member>
        <member name="M:MindFusion.Mapping.Point.HitTest(MindFusion.Mapping.Point,MindFusion.Mapping.ITransform)">
            <summary>
            MapElement.HitTest override.
            </summary>
            <param name="point">A Point representing a location on the map.</param>
            <param name="transform">An ITransform representing the transform currently used to render the map.</param>
            <returns>true if this element contains the specified point, otherwise false.</returns>
        </member>
        <member name="M:MindFusion.Mapping.Point.GetCenter">
            <summary>
            Shape.GetCenter override.
            </summary>
            <returns>A Point representing the shape's center.</returns>
        </member>
        <member name="M:MindFusion.Mapping.Point.GetBoundingBox">
            <summary>
            Shape.GetBoundingBox override.
            </summary>
            <returns>A Rect representing the shape's bounding box.</returns>
        </member>
        <member name="M:MindFusion.Mapping.Point.ToString">
            <summary>
            Object.ToString override.
            </summary>
            <returns>The string representation of this point.</returns>
        </member>
        <member name="M:MindFusion.Mapping.Point.Equals(System.Object)">
            <summary>
            Object.Equals override.
            </summary>
            <param name="obj">The object to compare with this object.</param>
            <returns>true if the specified Object is equal to the current Object, otherwise false.</returns>
        </member>
        <member name="M:MindFusion.Mapping.Point.Equals(MindFusion.Mapping.Point)">
            <summary>
            Determines whether the specified Point is equal to this Point.
            </summary>
            <param name="other">The Point to compare with this point.</param>
            <returns>true if the specified Point is equal to the current Point, otherwise false.</returns>
        </member>
        <member name="M:MindFusion.Mapping.Point.GetHashCode">
            <summary>
            Object.GetHashCode override.
            </summary>
            <returns>A hash code for the this point.</returns>
        </member>
        <member name="F:MindFusion.Mapping.Point.X">
            <summary>
            The X coordinate of this Point.
            </summary>
        </member>
        <member name="F:MindFusion.Mapping.Point.Y">
            <summary>
            The Y coordinate of this Point.
            </summary>
        </member>
        <member name="P:MindFusion.Mapping.Point.Type">
            <summary>
            Shape.Type override.
            </summary>
        </member>
        <member name="T:MindFusion.Mapping.DecorationLayerBase`2">
            <summary>
            Represents a layer containing decorative elements.
            </summary>
            <typeparam name="TColor">Specifies the type used to represent colors.</typeparam>
            <typeparam name="TPalette">Specifies the type used to represent color palettes.</typeparam>
        </member>
        <member name="M:MindFusion.Mapping.DecorationLayerBase`2.#ctor(MindFusion.Mapping.Rect)">
            <summary>
            Initializes a new instance of the DecorationLayerBase class.
            </summary>
            <param name="boundingBox">A Rect specifying the map area displayed on this layer.</param>
        </member>
        <member name="M:MindFusion.Mapping.DecorationLayerBase`2.Draw(MindFusion.Mapping.ICanvasWithPalette{`0},MindFusion.Mapping.Rect)">
            <summary>
            Layer.Draw override.
            </summary>
            <param name="canvas">An ICanvasWithPalette specifying the drawing canvas.</param>
            <param name="bounds">A Rect specifying the map region to draw.</param>
        </member>
        <member name="M:MindFusion.Mapping.DecorationLayerBase`2.DrawHighlights(MindFusion.Mapping.ICanvasWithPalette{`0},MindFusion.Mapping.Rect)">
            <summary>
            Layer.DrawHighlights override.
            </summary>
            <param name="canvas"></param>
            <param name="bounds"></param>
        </member>
        <member name="M:MindFusion.Mapping.DecorationLayerBase`2.DrawLabels(MindFusion.Mapping.ICanvasWithPalette{`0},MindFusion.Mapping.Rect)">
            <summary>
            Layer.DrawLabels override.
            </summary>
            <param name="canvas">An ICanvasWithPalette specifying the drawing canvas.</param>
            <param name="bounds">A Rect specifying the map region to draw.</param>
        </member>
        <member name="M:MindFusion.Mapping.DecorationLayerBase`2.HitTest(MindFusion.Mapping.Point,MindFusion.Mapping.ITransform)">
            <summary>
            Layer.HitTest override.
            </summary>
            <param name="mousePosition">A Point instance specifying location.</param>
            <param name="transform">The transform currently used to draw the map.</param>
            <returns>The MapElement that contains the specified point.</returns>
        </member>
        <member name="M:MindFusion.Mapping.DecorationLayerBase`2.Highlight(MindFusion.Mapping.MapElement)">
            <summary>
            Layer.Highlight override.
            </summary>
            <param name="mapElement">The MapElement that should be highlighted.</param>
            <returns>true if the map view should be redrawn, otherwise false.</returns>
        </member>
        <member name="M:MindFusion.Mapping.DecorationLayerBase`2.Select(MindFusion.Mapping.MapElement)">
            <summary>
            Layer.Select override.
            </summary>
            <param name="mapElement">The MapElement that should be selected.</param>
            <returns>true if the map view should be redrawn, otherwise false.</returns>
        </member>
        <member name="M:MindFusion.Mapping.DecorationLayerBase`2.Toggle(MindFusion.Mapping.MapElement)">
            <summary>
            Layer.Toggle override.
            </summary>
            <param name="mapElement">The MapElement whose selection state should be toggled.</param>
            <returns>true if the map view should be redrawn, otherwise false.</returns>
        </member>
        <member name="P:MindFusion.Mapping.DecorationLayerBase`2.BoundingBox">
            <summary>
            Layer.BoundingBox override.
            </summary>
        </member>
        <member name="P:MindFusion.Mapping.DecorationLayerBase`2.Decorations">
            <summary>
            Gets the list of decorations displayed in this layer.
            </summary>
        </member>
        <member name="P:MindFusion.Mapping.DecorationLayerBase`2.Selection">
            <summary>
            Gets the list of selected decorations.
            </summary>
        </member>
    </members>
</doc>
