﻿<?xml version="1.0" encoding="utf-8"?>
<binaryinputs>
  <input>
    <name>Potentiometer</name>
    <type>potentiometer_analog__</type>
    <tag>analoginputcontrol</tag>
    <text>pot_</text>
    <image>potentiometer_analog__.jpg</image>
	<minvalue>0</minvalue>
	<maxvalue>1023</maxvalue>
	<initialvalue>1</initialvalue>
	<sliderminvalue>0</sliderminvalue>
	<slidermaxvalue>5</slidermaxvalue>
  </input>
  <input>
    <name>LM35</name>
    <type>lm35_analog__</type>
    <tag>analoginputcontrol</tag>
    <text>LM35_</text>
    <image>LM35_analog__.jpg</image>
	<minvalue>0</minvalue>
	<maxvalue>1023</maxvalue>
	<initialvalue>1</initialvalue>
	<sliderminvalue>0</sliderminvalue>
	<slidermaxvalue>5</slidermaxvalue>
  </input>
  <input>
    <name>LDR</name>
    <type>ldr_analog__</type>
    <tag>analoginputcontrol</tag>
    <text>LDR_</text>
    <image>LDR_analog__.png</image>
	<minvalue>0</minvalue>
	<maxvalue>1023</maxvalue>
	<initialvalue>1</initialvalue>
	<sliderminvalue>0</sliderminvalue>
	<slidermaxvalue>5</slidermaxvalue>
  </input>
  <input>
    <name>Thermistor</name>
    <type>thermistor_analog__</type>
    <tag>analoginputcontrol</tag>
    <text>Thermistor_</text>
    <image>Thermistor_analog__.png</image>
	<minvalue>0</minvalue>
	<maxvalue>1023</maxvalue>
	<initialvalue>1</initialvalue>
	<sliderminvalue>0</sliderminvalue>
	<slidermaxvalue>5</slidermaxvalue>
  </input>
  <input>
    <name>FSR</name>
    <type>fsr_analog__</type>
    <tag>analoginputcontrol</tag>
    <text>FSR_</text>
    <image>FSR_analog__.png</image>
	<minvalue>0</minvalue>
	<maxvalue>1023</maxvalue>
	<initialvalue>1</initialvalue>
	<sliderminvalue>0</sliderminvalue>
	<slidermaxvalue>5</slidermaxvalue>
  </input>
</binaryinputs>