﻿<?xml version="1.0" encoding="utf-8"?>
<binaryinputs>
  <input>
    <name>Push Button Switch</name>
    <type>pb_switch__</type>
    <tag>binaryinputcontrol</tag>
    <text>pbSw_</text>
    <image>pb_sw__.png</image>
    <toggle>no</toggle>
    <timeout>3000</timeout>
    <repeat>no</repeat>
    <releasedtext>HIGH</releasedtext>
    <pressedtext>LOW</pressedtext>
  </input>
  <input>
    <name>Tact Switch</name>
    <tag>binaryinputcontrol</tag>
    <type>tact_switch__</type>
    <text>tactSw_</text>
    <image>tact_sw__.png</image>
    <toggle>no</toggle>
    <timeout>3000</timeout>
    <repeat>no</repeat>
    <releasedtext>HIGH</releasedtext>
    <pressedtext>LOW</pressedtext>
  </input>
  <input>
    <name>Toggle Switch</name>
    <tag>binaryinputcontrol</tag>
    <type>toggle_switch__</type>
    <text>toggleSw_</text>
    <image>toggle_sw__.png</image>
    <toggle>yes</toggle>
    <timeout>0</timeout>
    <repeat>no</repeat>
    <releasedtext>HIGH</releasedtext>
    <pressedtext>LOW</pressedtext>
  </input>
  <input>
    <name>Micro Switch</name>
    <tag>binaryinputcontrol</tag>
    <type>micro_switch__</type>
    <text>microSw_</text>
    <image>micro_sw__.png</image>
    <toggle>yes</toggle>
    <timeout>0</timeout>
    <repeat>no</repeat>
    <releasedtext>HIGH</releasedtext>
    <pressedtext>LOW</pressedtext>
  </input>
  <input>
    <name>Key Switch</name>
    <tag>binaryinputcontrol</tag>
    <type>key_switch__</type>
    <text>keySw_</text>
    <image>key_sw__.jpg</image>
    <toggle>yes</toggle>
    <timeout>1000</timeout>
    <repeat>no</repeat>
    <releasedtext>HIGH</releasedtext>
    <pressedtext>LOW</pressedtext>
  </input>
  <input>
    <name>Reed Switch</name>
    <type>reed_switch__</type>
    <tag>binaryinputcontrol</tag>
    <text>reedSw_</text>
    <image>reed_sw__.png</image>
    <toggle>yes</toggle>
    <timeout>0</timeout>
    <repeat>no</repeat>
    <releasedtext>HIGH</releasedtext>
    <pressedtext>LOW</pressedtext>
  </input>
  <input>
    <name>PIR</name>
    <type>pir_switch__</type>
    <tag>binaryinputcontrol</tag>
    <text>pirSw_</text>
    <image>PIR_sw__.png</image>
    <toggle>yes</toggle>
    <timeout>10000</timeout>
    <repeat>no</repeat>
    <releasedtext>HIGH</releasedtext>
    <pressedtext>LOW</pressedtext>
  </input>
  <input>
    <name>LightBeam</name>
    <type>lightbeam_switch__</type>
    <tag>binaryinputcontrol</tag>
    <text>beamSw_</text>
    <image>lightbeam_sw__.jpg</image>
    <toggle>no</toggle>
    <timeout>2000</timeout>
    <repeat>no</repeat>
    <releasedtext>HIGH</releasedtext>
    <pressedtext>LOW</pressedtext>
  </input>
  <input>
    <name>Tilt Switch</name>
    <tag>binaryinputcontrol</tag>
    <type>tilt_switch__</type>
    <text>tiltSw_</text>
    <image>tilt_sw__.jpg</image>
    <toggle>yes</toggle>
    <timeout>1000</timeout>
    <repeat>no</repeat>
    <releasedtext>HIGH</releasedtext>
    <pressedtext>LOW</pressedtext>
  </input>
  <input>
    <name>Pulse</name>
    <tag>binaryinputcontrol</tag>
    <type>pulse</type>
    <text>pulse_</text>
    <image>pulse_in_.png</image>
    <toggle>yes</toggle>
    <timeout>1000</timeout>
    <repeat>yes</repeat>
    <releasedtext>START</releasedtext>
    <pressedtext>STOP</pressedtext>
  </input>
</binaryinputs>