﻿<?xml version="1.0" encoding="utf-8"?>
<timers>
  <timer text = "M48 @1MHz Timer0 100uS Interrupt">
    <family>AVR8</family>
    <micro>ATmega48</micro>
    <name>Timer0 interupt 100uSec </name>
    <size>8</size>
    <inputpins>
      <inputpin>T0</inputpin>
    </inputpins>
    <outputpins>
      <outputpin>OC0A</outputpin>
      <outputpin>OC0B</outputpin>
    </outputpins>
    <configs>
      <config language = "All" text = "'Timer 0 (8bit) config for 100 microsecond software interrupt"></config>
      <config language = "All" text = "'Timer 0 config for 100 microsecond (when crystal = 1,000,000)"></config>
      <config language = "BASIC" text = "on COMPARE0A OC0A_isr                 'this is the sub to call on every interrupt"></config>
      <config language = "BASIC" text = "' Setup prescaler to divide by 1"></config>
      <config language = "BASIC" text = "'setup prescaler"></config>
      <config language = "BASIC" text = "TCCR0B.CS00=1"></config>
      <config language = "BASIC" text = "TCCR0A.WGM01=1                 'CTC mode (timer counts from 0 to OCR0A"></config>
      <config language = "BASIC" text = "OCR0A=99                        'max is 255"></config>
      <config language = "BASIC" text = "TIMSK0.OCIE0A=1                  'enable compareA interrupt"></config>
      <config language = "C" text = "TCCR0A |= (1&lt;&lt;WGM01);         // Set Timer0 to CTC mod"></config>
      <config language = "C" text = "TCCR0B |= (1&lt;&lt;CS00);   // setup prescalerto divide by 1"></config>
      <config language = "C" text = "OCR0A = 0x63;                           // set top count "></config>
      <config language = "C" text = "TIMSK0 |= (1&lt;&lt;OCIE0A);          //enable OC0A interrupt"></config>
    </configs>
    <vectors>
      <vector language="ALL" text="Timer 0 interrupt service routine - program comes here when Timer0 has reached the value in OCR0A "></vector>
      <vector language="BASIC" text="OC0A_isr:"></vector>
      <vector language="BASIC" text="return"></vector>
      <vector language="C" text="ISR(TIMER0_COMPA_vect)            // signal handler for compareA interrupt OC0A"></vector>
      <vector language="C" text="{"></vector>
      <vector language="C" text="}"></vector>
    </vectors>
  </timer>
  <timer text = "M48 @1MHz Timer0 1mS Interrupt">
    <family>AVR8</family>
    <micro>ATmega48</micro>
    <name>Timer0 interupt 1mSec </name>
    <size>8</size>
    <inputpins>
      <inputpin>T0</inputpin>
    </inputpins>
    <outputpins>
      <outputpin>OC0A</outputpin>
      <outputpin>OC0B</outputpin>
    </outputpins>
    <configs>
      <config language = "All" text = "'Timer 0 (8bit) config for 1 millisecond software interrupt"></config>
      <config language = "All" text = "'Timer 0 config for 1 millisecond (when crystal = 1,000,000)"></config>
      <config language = "BASIC" text = "on COMPARE0A OC0A_isr                 'this is the sub to call on every interrupt"></config>
      <config language = "BASIC" text = "' Setup prescaler to divide by 8"></config>
      <config language = "BASIC" text = "'setup prescaler"></config>
      <config language = "BASIC" text = "TCCR0B.CS01=1"></config>
      <config language = "BASIC" text = "TCCR0A.WGM01=1                 'CTC mode (timer counts from 0 to OCR0A"></config>
      <config language = "BASIC" text = "OCR0A=124                        'max is 255"></config>
      <config language = "BASIC" text = "TIMSK0.OCIE0A=1                  'enable compareA interrupt"></config>
      <config language = "C" text = "TCCR0A |= (1&lt;&lt;WGM01);         // Set Timer0 to CTC mod"></config>
      <config language = "C" text = "TCCR0B |= (1&lt;&lt;CS01);     // setup prescalerto divide by 64"></config>
      <config language = "C" text = "OCR0A = 0x7C;                           // set top count "></config>
      <config language = "C" text = "TIMSK0 |= (1&lt;&lt;OCIE0A);          //enable OC0A interrupt"></config>
    </configs>
    <vectors>
      <vector language="ALL" text="Timer 0 interrupt service routine - program comes here when Timer0 has reached the value in OCR0A "></vector>
      <vector language="BASIC" text="OC0A_isr:"></vector>
      <vector language="BASIC" text="return"></vector>
      <vector language="C" text="ISR(TIMER0_COMPA_vect)            // signal handler for compareA interrupt OC0A"></vector>
      <vector language="C" text="{"></vector>
      <vector language="C" text="}"></vector>
    </vectors>
  </timer>
  <timer text = "M48 @1MHz Timer0 10mS Interrupt">
    <family>AVR8</family>
    <micro>ATmega48</micro>
    <name>Timer0 interupt 10mSec </name>
    <size>8</size>
    <inputpins>
      <inputpin>T0</inputpin>
    </inputpins>
    <outputpins>
      <outputpin>OC0A</outputpin>
      <outputpin>OC0B</outputpin>
    </outputpins>
    <configs>
      <config language = "All" text = "'Timer 0 (8bit) config for 10 millisecond software interrupt"></config>
      <config language = "All" text = "'Timer 0 config for 10 millisecond (when crystal = 16,000,000)"></config>
      <config language = "BASIC" text = "on COMPARE0A OC0A_isr                 'this is the sub to call on every interrupt"></config>
      <config language = "BASIC" text = "' Setup prescaler to divide by 64"></config>
      <config language = "BASIC" text = "'setup prescaler"></config>
      <config language = "BASIC" text = "TCCR0B.CS01=1"></config>
      <config language = "BASIC" text = "TCCR0B.CS00=1"></config>
      <config language = "BASIC" text = "TCCR0A.WGM01=1                 'CTC mode (timer counts from 0 to OCR0A"></config>
      <config language = "BASIC" text = "OCR0A=155                        'max is 255"></config>
      <config language = "BASIC" text = "TIMSK0.OCIE0A=1                  'enable compareA interrupt"></config>
      <config language = "C" text = "TCCR0A |= (1&lt;&lt;WGM01);         // Set Timer0 to CTC mod"></config>
      <config language = "C" text = "TCCR0B |= (1&lt;&lt;CS01);    // setup prescalerto divide by 64"></config>
      <config language = "C" text = "TCCR0B |= (1&lt;&lt;CS00);"></config>
      <config language = "C" text = "OCR0A = 0x9B;                           // set top count "></config>
      <config language = "C" text = "TIMSK0 |= (1&lt;&lt;OCIE0A);          //enable OC0A interrupt"></config>
    </configs>
    <vectors>
      <vector language="ALL" text="Timer 0 interrupt service routine - program comes here when Timer0 has reached the value in OCR0A "></vector>
      <vector language="BASIC" text="OC0A_isr:"></vector>
      <vector language="BASIC" text="return"></vector>
      <vector language="C" text="ISR(TIMER0_COMPA_vect)            // signal handler for compareA interrupt OC0A"></vector>
      <vector language="C" text="{"></vector>
      <vector language="C" text="}"></vector>
    </vectors>
  </timer>
  <timer text = "M48 @1MHz Timer0 100mS Interrupt">
    <family>AVR8</family>
    <micro>ATmega48</micro>
    <name>Timer0 interupt 100mSec </name>
    <size>8</size>
    <inputpins>
      <inputpin>T0</inputpin>
    </inputpins>
    <outputpins>
      <outputpin>OC0A</outputpin>
      <outputpin>OC0B</outputpin>
    </outputpins>
    <configs>
      <config language = "All" text = "'Timer 0 (8bit) config for 10 millisecond software interrupt"></config>
      <config language = "All" text = "'Timer 0 config for 10 millisecond (when crystal = 16,000,000)"></config>
      <config language = "BASIC" text = "on COMPARE0A OC0A_isr                 'this is the sub to call on every interrupt"></config>
      <config language = "BASIC" text = "' Setup prescaler to divide by 1024"></config>
      <config language = "BASIC" text = "'setup prescaler"></config>
      <config language = "BASIC" text = "TCCR0B.CS02=1"></config>
      <config language = "BASIC" text = "TCCR0B.CS00=1"></config>
      <config language = "BASIC" text = "TCCR0A.WGM01=1                 'CTC mode (timer counts from 0 to OCR0A"></config>
      <config language = "BASIC" text = "OCR0A=97                        'max is 255"></config>
      <config language = "BASIC" text = "TIMSK0.OCIE0A=1                  'enable compareA interrupt"></config>
      <config language = "C" text = "TCCR0A |= (1&lt;&lt;WGM01);         // Set Timer0 to CTC mod"></config>
      <config language = "C" text = "TCCR0B |= (1&lt;&lt;CS02);    // setup prescalerto divide by 1024"></config>
      <config language = "C" text = "TCCR0B |= (1&lt;&lt;CS00);"></config>
      <config language = "C" text = "OCR0A = 0x61;                           // set top count "></config>
      <config language = "C" text = "TIMSK0 |= (1&lt;&lt;OCIE0A);          //enable OC0A interrupt"></config>
    </configs>
    <vectors>
      <vector language="ALL" text="Timer 0 interrupt service routine - program comes here when Timer0 has reached the value in OCR0A "></vector>
      <vector language="BASIC" text="OC0A_isr:"></vector>
      <vector language="BASIC" text="return"></vector>
      <vector language="C" text="ISR(TIMER0_COMPA_vect)            // signal handler for compareA interrupt OC0A"></vector>
      <vector language="C" text="{"></vector>
      <vector language="C" text="}"></vector>
    </vectors>
  </timer>
  <timer text = "M48 @1MHz Timer1 10mS Interrupt">
    <family>AVR8</family>
    <micro>ATmega48</micro>
    <name>Timer1 PWM 10mSec </name>
    <size>16</size>
    <inputpins>
      <inputpin>T1</inputpin>
      <inputpin>ICP1</inputpin>
    </inputpins>
    <outputpins>
      <outputpin>OC1A</outputpin>
      <outputpin>OC1B</outputpin>
    </outputpins>
    <configs>
      <config language = "All" text = "'Timer 1 (16bit) config for 10 millisecond software interrupt"></config>
      <config language = "All" text = "'Timer 1 config for 10 millisecond (when crystal = 1,000,000)"></config>
      <config language = "BASIC" text = "'suitable for dimming an LED"></config>
      <config language = "BASIC" text = "'range of Compare1a is 0 to 255, so in the program change the value at anytime to change the LED brightness"></config>
      <config language = "BASIC" text = "Config Timer1 = Pwm , Prescale = 64 , Pwm = 8 , Compare A Pwm = Clear Down , Compare B Pwm = disconnect"></config>
      <config language = "BASIC" text = "Compare1a = 200  'bright"></config>
    </configs>
    <vectors>
      <vector language="ALL" text="Timer 1 interrupt service routine - program comes here when Timer1 has overflowed "></vector>
      <vector language = "BASIC" text = "Tim1_isr:" ></vector>
      <vector language = "BASIC" text = "return" ></vector>
      <vector language="C" text="ISR(TIMER1_OVF_vect)            // signal handler for external interrupt Timer1"></vector>
      <vector language="C" text="{"></vector>
      <vector language="C" text="}"></vector>
    </vectors>
  </timer>
  <timer text = "M48 @1MHz Timer1 100mS Interrupt">
    <family>AVR8</family>
    <micro>ATmega48</micro>
    <name>Timer1 PWM 100mSec </name>
    <size>16</size>
    <inputpins>
      <inputpin>T1</inputpin>
      <inputpin>ICP1</inputpin>
    </inputpins>
    <outputpins>
      <outputpin>OC1A</outputpin>
      <outputpin>OC1B</outputpin>
    </outputpins>
    <configs>
      <config language = "BASIC" text = "'Timer 1 config for 10 millisecond"></config>
      <config language = "BASIC" text = "'suitable for dimming an LED"></config>
      <config language = "BASIC" text = "'range of Compare1a is 0 to 255, so in the program change the value at anytime to change the LED brightness"></config>
      <config language = "BASIC" text = "Config Timer1 = Pwm , Prescale = 64 , Pwm = 8 , Compare A Pwm = Clear Down , Compare B Pwm = disconnect"></config>
      <config language = "BASIC" text = "Compare1a = 200  'bright"></config>
    </configs>
    <vectors>
    </vectors>
  </timer>
  <timer text = "M328 @16MHz Timer0 100uS Interrupt">
    <family>AVR8</family>
    <micro>ATmega328</micro>
    <name>M328 @16MHz Timer0 100uS Interrupt</name>
    <size>8</size>
    <inputpins>
      <inputpin>T0</inputpin>
    </inputpins>
    <outputpins>
      <outputpin>OC0A</outputpin>
      <outputpin>OC0B</outputpin>
    </outputpins>
    <configs>
      <config language = "All" text = "'Timer 0 (8bit) config for 100 microsecond software interrupt"></config>
      <config language = "All" text = "'Timer 0 config for 100 microsecond (when crystal = 16,000,000)"></config>
      <config language = "BASIC" text = "on COMPARE0A OC0A_isr                 'this is the sub to call on every interrupt"></config>
      <config language = "BASIC" text = "' Setup prescaler to divide by 8"></config>
      <config language = "BASIC" text = "'setup prescaler"></config>
      <config language = "BASIC" text = "TCCR0B.CS01=1"></config>
      <config language = "BASIC" text = "TCCR0A.WGM01=1                 'CTC mode (timer counts from 0 to OCR0A"></config>
      <config language = "BASIC" text = "OCR0A=199                        'max is 255"></config>
      <config language = "BASIC" text = "TIMSK0.OCIE0A=1                  'enable compareA interrupt"></config>
      <config language = "C" text = "TCCR0A |= (1&lt;&lt;WGM01);         // Set Timer0 to CTC mod"></config>
      <config language = "C" text = "TCCR0B |= (1&lt;&lt;CS01);         // setup prescalerto divide by 8"></config>
      <config language = "C" text = "OCR0A = 0xC7;                           // set top count "></config>
      <config language = "C" text = "TIMSK0 |= (1&lt;&lt;OCIE0A);          //enable OC0A interrupt"></config>
    </configs>
    <vectors>
      <vector language="ALL" text="Timer 0 interrupt service routine - program comes here when Timer0 has reached the value in OCR0A "></vector>
      <vector language="BASIC" text="OC0A_isr:"></vector>
      <vector language="BASIC" text="return"></vector>
      <vector language="C" text="ISR(TIMER0_COMPA_vect)            // signal handler for compareA interrupt OC0A"></vector>
      <vector language="C" text="{"></vector>
      <vector language="C" text="}"></vector>
    </vectors>
  </timer>
  <timer text = "M328 @16MHz Timer0 1mS Interrupt">
    <family>AVR8</family>
    <micro>ATmega328</micro>
    <name>M328 @16MHz Timer0 1mS Interrupt</name>
    <size>8</size>
    <inputpins>
      <inputpin>T0</inputpin>
    </inputpins>
    <outputpins>
      <outputpin>OC0A</outputpin>
      <outputpin>OC0B</outputpin>
    </outputpins>
    <configs>
      <config language = "All" text = "'Timer 0 (8bit) config for 1 millisecond software interrupt"></config>
      <config language = "All" text = "'Timer 0 config for 1 millisecond (when crystal = 16,000,000)"></config>
      <config language = "BASIC" text = "on COMPARE0A OC0A_isr                 'this is the sub to call on every interrupt"></config>
      <config language = "BASIC" text = "' Setup prescaler to divide by 64"></config>
      <config language = "BASIC" text = "'setup prescaler"></config>
      <config language = "BASIC" text = "TCCR0B.CS01=1"></config>
      <config language = "BASIC" text = "TCCR0B.CS00=1"></config>
      <config language = "BASIC" text = "TCCR0A.WGM01=1                 'CTC mode (timer counts from 0 to OCR0A"></config>
      <config language = "BASIC" text = "OCR0A=249                        'max is 255"></config>
      <config language = "BASIC" text = "TIMSK0.OCIE0A=1                  'enable compareA interrupt"></config>
      <config language = "C" text = "TCCR0A |= (1&lt;&lt;WGM01);         // Set Timer0 to CTC mod"></config>
      <config language = "C" text = "TCCR0B |= (1&lt;&lt;CS01);         // setup prescalerto divide by 64"></config>
      <config language = "C" text = "TCCR0B |= (1&lt;&lt;CS00);"></config>
      <config language = "C" text = "OCR0A = 0xF9;                           // set top count "></config>
      <config language = "C" text = "TIMSK0 |= (1&lt;&lt;OCIE0A);          //enable OC0A interrupt"></config>
    </configs>
    <vectors>
      <vector language="ALL" text="Timer 0 interrupt service routine - program comes here when Timer0 has reached the value in OCR0A "></vector>
      <vector language="BASIC" text="OC0A_isr:"></vector>
      <vector language="BASIC" text="return"></vector>
      <vector language="C" text="ISR(TIMER0_COMPA_vect)            // signal handler for compareA interrupt OC0A"></vector>
      <vector language="C" text="{"></vector>
      <vector language="C" text="}"></vector>
    </vectors>
  </timer>
  <timer text = "M328 @16MHz Timer0 10mS Interrupt">
    <family>AVR8</family>
    <micro>ATmega328</micro>
    <name>M328 @16MHz Timer0 10mS Interrupt</name>
    <size>8</size>
    <inputpins>
      <inputpin>T0</inputpin>
    </inputpins>
    <outputpins>
      <outputpin>OC0A</outputpin>
      <outputpin>OC0B</outputpin>
    </outputpins>
    <configs>
      <config language = "All" text = "'Timer 0 (8bit) config for 10 millisecond software interrupt"></config>
      <config language = "All" text = "'Timer 0 config for 10 millisecond (when crystal = 16,000,000)"></config>
      <config language = "BASIC" text = "on COMPARE0A OC0A_isr                 'this is the sub to call on every interrupt"></config>
      <config language = "BASIC" text = "' Setup prescaler to divide by 1024"></config>
      <config language = "BASIC" text = "'setup prescaler"></config>
      <config language = "BASIC" text = "TCCR0B.CS02=1"></config>
      <config language = "BASIC" text = "TCCR0B.CS00=1"></config>
      <config language = "BASIC" text = "TCCR0A.WGM01=1                 'CTC mode (timer counts from 0 to OCR0A"></config>
      <config language = "BASIC" text = "OCR0A=155                        'max is 255"></config>
      <config language = "BASIC" text = "TIMSK0.OCIE0A=1                  'enable compareA interrupt"></config>
      <config language = "C" text = "TCCR0A |= (1&lt;&lt;WGM01);         // Set Timer0 to CTC mod"></config>
      <config language = "C" text = "TCCR0B |= (1&lt;&lt;CS02);         // setup prescalerto divide by 1024"></config>
      <config language = "C" text = "TCCR0B |= (1&lt;&lt;CS00);"></config>
      <config language = "C" text = "OCR0A = 0x9B;                           // set top count "></config>
      <config language = "C" text = "TIMSK0 |= (1&lt;&lt;OCIE0A);          //enable OC0A interrupt"></config>
    </configs>
    <vectors>
      <vector language="ALL" text="Timer 0 interrupt service routine - program comes here when Timer0 has reached the value in OCR0A "></vector>
      <vector language="BASIC" text="OC0A_isr:"></vector>
      <vector language="BASIC" text="return"></vector>
      <vector language="C" text="ISR(TIMER0_COMPA_vect)            // signal handler for compareA interrupt OC0A"></vector>
      <vector language="C" text="{"></vector>
      <vector language="C" text="}"></vector>
    </vectors>
  </timer>
  <timer text = "M328 @16MHz Timer1 1mS Interrupt">
    <family>AVR8</family>
    <micro>ATmega328</micro>
    <name>M328 @16MHz Timer1 1mS Interrupt</name>
    <size>16</size>
    <inputpins>
      <inputpin>T1</inputpin>
      <inputpin>ICP1</inputpin>
    </inputpins>
    <outputpins>
      <outputpin>OC1A</outputpin>
      <outputpin>OC1B</outputpin>
    </outputpins>
    <configs>
      <config language = "All" text = "'Timer 1 (16bit) config for 1 millisecond software interrupt"></config>
      <config language = "All" text = "'Timer 1 config for 1 millisecond (when crystal = 16,000,000)"></config>
      <config language = "BASIC" text = "on COMPARE1A OC1A_isr                 'this is the sub to call on every interrupt"></config>
      <config language = "BASIC" text = "' Setup prescaler to divide by 8"></config>
      <config language = "BASIC" text = "'setup prescaler"></config>
      <config language = "BASIC" text = "TCCR1B.CS01=1"></config>
      <config language = "BASIC" text = "TCCR1A.WGM01=1                 'CTC mode (timer counts from 0 to OCR1A"></config>
      <config language = "BASIC" text = "OCR1AH=0H07"></config>
      <config language = "BASIC" text = "OCR1AL=0HCF"></config>
      <config language = "BASIC" text = "TIMSK1.OCIE1A=1                  'enable compareA interrupt"></config>
      <config language = "C" text = "TCCR1A |= (1&lt;&lt;WGM01);         // Set Timer0 to CTC mod"></config>
      <config language = "C" text = "TCCR1B |= (1&lt;&lt;CS01);         // setup prescalerto divide by 8"></config>
      <config language = "C" text = "OCR1AH = 0x07;                    // set top count "></config>
      <config language = "C" text = "OCR1AL = 0xCF;"></config>
      <config language = "C" text = "TIMSK1 |= (1&lt;&lt;OCIE0A);          //enable OC1A interrupt"></config>
    </configs>
    <vectors>
      <vector language="ALL" text="Timer 1 interrupt service routine - program comes here when Timer0 has reached the value in OCR1A "></vector>
      <vector language="BASIC" text="OC1A_isr:"></vector>
      <vector language="BASIC" text="return"></vector>
      <vector language="C" text="ISR(TIMER1_COMPA_vect)            // signal handler for compareA interrupt OC1A"></vector>
      <vector language="C" text="{"></vector>
      <vector language="C" text="}"></vector>
    </vectors>
  </timer>
  <timer text = "M328 @16MHz Timer1 10mS Interrupt">
    <family>AVR8</family>
    <micro>ATmega328</micro>
    <name>M328 @16MHz Timer1 10mS Interrupt</name>
    <size>16</size>
    <inputpins>
      <inputpin>T1</inputpin>
      <inputpin>ICP1</inputpin>
    </inputpins>
    <outputpins>
      <outputpin>OC1A</outputpin>
      <outputpin>OC1B</outputpin>
    </outputpins>
    <configs>
      <config language = "All" text = "'Timer 1 (16bit) config for 10 millisecond software interrupt"></config>
      <config language = "All" text = "'Timer 1 config for 10 millisecond (when crystal = 16,000,000)"></config>
      <config language = "BASIC" text = "on COMPARE1A OC1A_isr                 'this is the sub to call on every interrupt"></config>
      <config language = "BASIC" text = "' Setup prescaler to divide by 8"></config>
      <config language = "BASIC" text = "'setup prescaler"></config>
      <config language = "BASIC" text = "TCCR1B.CS01=1"></config>
      <config language = "BASIC" text = "TCCR1A.WGM01=1                 'CTC mode (timer counts from 0 to OCR1A"></config>
      <config language = "BASIC" text = "OCR1AH=0H4E"></config>
      <config language = "BASIC" text = "OCR1AL=0H1F"></config>
      <config language = "BASIC" text = "TIMSK1.OCIE1A=1                  'enable compareA interrupt"></config>
      <config language = "C" text = "TCCR1A |= (1&lt;&lt;WGM01);         // Set Timer1 to CTC mod"></config>
      <config language = "C" text = "TCCR1B |= (1&lt;&lt;CS01);         // setup prescalerto divide by 8"></config>
      <config language = "C" text = "OCR1AH = 0x4E;                           // set top count "></config>
      <config language = "C" text = "OCR1AL = 0x1F;"></config>
      <config language = "C" text = "TIMSK1 |= (1&lt;&lt;OCIE1A);          //enable OC1A interrupt"></config>
    </configs>
    <vectors>
      <vector language="ALL" text="Timer 1 interrupt service routine - program comes here when Timer1 has reached the value in OCR1A "></vector>
      <vector language="BASIC" text="OC1A_isr:"></vector>
      <vector language="BASIC" text="return"></vector>
      <vector language="C" text="ISR(TIMER1_COMPA_vect)            // signal handler for compareA interrupt OC1A"></vector>
      <vector language="C" text="{"></vector>
      <vector language="C" text="}"></vector>
    </vectors>
  </timer>
  <timer text = "M328 @16MHz Timer1 100mS Interrupt">
    <family>AVR8</family>
    <micro>ATmega328</micro>
    <name>M328 @16MHz Timer1 100mS Interrupt</name>
    <size>16</size>
    <inputpins>
      <inputpin>T1</inputpin>
      <inputpin>ICP1</inputpin>
    </inputpins>
    <outputpins>
      <outputpin>OC1A</outputpin>
      <outputpin>OC1B</outputpin>
    </outputpins>
    <configs>
      <config language = "All" text = "'Timer 1 (16bit) config for 100 millisecond software interrupt"></config>
      <config language = "All" text = "'Timer 1 config for 100 millisecond (when crystal = 16,000,000)"></config>
      <config language = "BASIC" text = "on COMPARE1A OC1A_isr                 'this is the sub to call on every interrupt"></config>
      <config language = "BASIC" text = "' Setup prescaler to divide by 256"></config>
      <config language = "BASIC" text = "'setup prescaler"></config>
      <config language = "BASIC" text = "TCCR1B.CS02=1"></config>
      <config language = "BASIC" text = "TCCR1A.WGM01=1                 'CTC mode (timer counts from 0 to OCR1A"></config>
      <config language = "BASIC" text = "OCR1A=0H18"></config>
      <config language = "BASIC" text = "OCR1A=0H69"></config>
      <config language = "BASIC" text = "TIMSK1.OCIE1A=1                  'enable compareA interrupt"></config>
      <config language = "C" text = "TCCR1A |= (1&lt;&lt;WGM01);         // Set Timer1 to CTC mod"></config>
      <config language = "C" text = "TCCR1B |= (1&lt;&lt;CS02);         // setup prescalerto divide by 256"></config>
      <config language = "C" text = "OCR1A = 0x18;                           // set top count "></config>
      <config language = "C" text = "OCR1A = 0x69;"></config>
      <config language = "C" text = "TIMSK1 |= (1&lt;&lt;OCIE1A);          //enable OC1A interrupt"></config>
    </configs>
    <vectors>
      <vector language="ALL" text="Timer 1 interrupt service routine - program comes here when Timer1 has reached the value in OCR1A "></vector>
      <vector language="BASIC" text="OC1A_isr:"></vector>
      <vector language="BASIC" text="return"></vector>
      <vector language="C" text="ISR(TIMER1_COMPA_vect)            // signal handler for compareA interrupt OC1A"></vector>
      <vector language="C" text="{"></vector>
      <vector language="C" text="}"></vector>
    </vectors>
  </timer>
  <timer text = "M328 @16MHz Timer1 1S Interrupt">
    <family>AVR8</family>
    <micro>ATmega328</micro>
    <name>M328 @16MHz Timer1 1S Interrupt</name>
    <size>16</size>
    <inputpins>
      <inputpin>T1</inputpin>
      <inputpin>ICP1</inputpin>
    </inputpins>
    <outputpins>
      <outputpin>OC1A</outputpin>
      <outputpin>OC1B</outputpin>
    </outputpins>
    <configs>
      <config language = "All" text = "'Timer 1 (16bit) config for 1 second software interrupt"></config>
      <config language = "All" text = "'Timer 1 config for 1 second (when crystal = 16,000,000)"></config>
      <config language = "BASIC" text = "on COMPARE1A OC1A_isr                 'this is the sub to call on every interrupt"></config>
      <config language = "BASIC" text = "' Setup prescaler to divide by 1024"></config>
      <config language = "BASIC" text = "'setup prescaler"></config>
      <config language = "BASIC" text = "TCCR1B.CS00=1"></config>
      <config language = "BASIC" text = "TCCR1B.CS02=1"></config>
      <config language = "BASIC" text = "TCCR1A.WGM01=1                 'CTC mode (timer counts from 0 to OCR1A"></config>
      <config language = "BASIC" text = "OCR1A=0H3D"></config>
      <config language = "BASIC" text = "OCR1A=0H08"></config>
      <config language = "BASIC" text = "TIMSK1.OCIE1A=1                  'enable compareA interrupt"></config>
      <config language = "C" text = "TCCR1A |= (1&lt;&lt;WGM01);         // Set Timer1 to CTC mod"></config>
      <config language = "C" text = "TCCR1B |= (1&lt;&lt;CS00);         // setup prescalerto divide by 1024"></config>
      <config language = "C" text = "TCCR1B |= (1&lt;&lt;CS02);"></config>
      <config language = "C" text = "OCR1AH = 0x3D;"></config>
      <config language = "C" text = "OCR1AL = 0x08;"></config>
      <config language = "C" text = "TIMSK1 |= (1&lt;&lt;OCIE1A);          //enable OC1A interrupt"></config>
    </configs>
    <vectors>
      <vector language="ALL" text="Timer 1 interrupt service routine - program comes here when Timer1 has reached the value in OCR1A "></vector>
      <vector language="BASIC" text="OC1A_isr:"></vector>
      <vector language="BASIC" text="return"></vector>
      <vector language="C" text="ISR(TIMER1_COMPA_vect)            // signal handler for compareA interrupt OC1A"></vector>
      <vector language="C" text="{"></vector>
      <vector language="C" text="}"></vector>
    </vectors>
  </timer>
  <timer text = "M328 Timer0 @16MHz, PWM 8.16mS period on 0C0A portD.6">
    <family>AVR8</family>
    <micro>ATmega328</micro>
    <name>M328 Timer0 @16MHz, PWM 8.16mS period on 0C0A portD.6</name>
    <size>16</size>
    <inputpins>
      <inputpin>T0</inputpin>
    </inputpins>
    <outputpins>
      <outputpin>OC0A</outputpin>
      <outputpin>OC0B</outputpin>
    </outputpins>
    <configs>
      <config language = "All" text = "'Timer 0 (8bit) @16MHz Phase Correct PWM 8.16mS period on OC0A portD.6"></config>
      <config language = "BASIC" text = ""></config>
      <config language = "BASIC" text = "TCCR0A.WGM00=1         ' Set Timer0 to Phase Correct PWM mode"></config>
      <config language = "BASIC" text = "TCCR0A.COM0A1=1         ' Connect Output Pin OC0A"></config>
      <config language = "BASIC" text = "TCCR0B.CS02=1         ' setup prescaler 128"></config>
      <config language = "BASIC" text = "OCR0A = 0H30;   'Pulse width 1.536mS"></config>
      <config language = "C" text = "TCCR0A |= (1&lt;&lt;WGM00);         // Set Timer0 to Phase Correct PWM mode"></config>
      <config language = "C" text = "TCCR0A |= (1&lt;&lt;COM0A1);         // Connect Output Pin OC0A"></config>
      <config language = "C" text = "TCCR0B |= (1&lt;&lt;CS02);         // setup prescaler 128"></config>
      <config language = "C" text = "OCR0A = 0x30;   //Pulse width 1.536mS"></config>
    </configs>
    <vectors>
    </vectors>
  </timer>
  <timer text = "M328 Timer0 @16MHz, PWM 8.16mS period on 0C0B portD.5">
    <family>AVR8</family>
    <micro>ATmega328</micro>
    <name>M328 Timer0 @16MHz, PWM 8.16mS period on 0C0B portD.5</name>
    <size>16</size>
    <inputpins>
      <inputpin>T0</inputpin>
    </inputpins>
    <outputpins>
      <outputpin>OC0A</outputpin>
      <outputpin>OC0B</outputpin>
    </outputpins>
    <configs>
      <config language = "All" text = "'Timer 0 (8bit) @16MHz Phase Correct PWM 8.16mS period on OC0B portD.5"></config>
      <config language = "BASIC" text = ""></config>
      <config language = "BASIC" text = "TCCR0A.WGM00=1         ' Set Timer0 to Phase Correct PWM mode"></config>
      <config language = "BASIC" text = "TCCR0A.COM0B1=1         ' Connect Output Pin OC0B"></config>
      <config language = "BASIC" text = "TCCR0B.CS02=1         ' setup prescaler 128"></config>
      <config language = "BASIC" text = "OCR0A = 0H30;   'Pulse width 1.536mS"></config>
      <config language = "C" text = "TCCR0A |= (1&lt;&lt;WGM00);         // Set Timer0 to Phase Correct PWM mode"></config>
      <config language = "C" text = "TCCR0A |= (1&lt;&lt;COM0B1);         // Connect Output Pin OC0B"></config>
      <config language = "C" text = "TCCR0B |= (1&lt;&lt;CS02);         // setup prescaler 128"></config>
      <config language = "C" text = "OCR0A = 0x30;   //Pulse width 1.536mS"></config>
    </configs>
    <vectors>
    </vectors>
  </timer>
  <timer text = "M328 Timer1 @16MHz, 9Bit PWM, 0.511mS period on OC1A PortB.1 and OC1B portB.2">
    <family>AVR8</family>
    <micro>ATmega328</micro>
    <name>M328 Timer1 @16MHz, 9Bit PWM, 0.511mS period on OC1A PortB.1 and OC1B portB.2</name>
    <size>16</size>
    <inputpins>
      <inputpin>T0</inputpin>
    </inputpins>
    <outputpins>
      <outputpin>OC0A</outputpin>
      <outputpin>OC0B</outputpin>
    </outputpins>
    <configs>
      <config language = "All" text = "'Timer 0 (8bit) @16MHz Phase Correct PWM 8.16mS period on OC0B portD.5"></config>
      <config language = "BASIC" text = ""></config>
      <config language = "BASIC" text = "TCCR1A.WGM00=1         ' Set Timer1 to 9bit Phase Correct PWM mode"></config>
      <config language = "BASIC" text = "TCCR1A.COM0A1=1         ' Connect Output Pin OC1A PortB.1"></config>
      <config language = "BASIC" text = "TCCR1A.COM0B1=1         ' Connect Output Pin OC1B PortB.2"></config>
      <config language = "BASIC" text = "TCCR1B.CS02=1         ' setup prescaler 128"></config>
      <config language = "BASIC" text = "OCR0A = 0H30;   'Pulse width 0.048mS"></config>
      <config language = "BASIC" text = "OCR0A = 0H100;   'Pulse width 0.256mS"></config>
      <config language = "C" text = "TCCR1A |= (1&lt;&lt;WGM11);         // Set Timer1 to 9Bit Phase Correct PWM mode"></config>
      <config language = "C" text = "TCCR1A |= (1&lt;&lt;COM1A1);         // Connect Output Pin OC1A PortB.1"></config>
      <config language = "C" text = "TCCR1A |= (1&lt;&lt;COM1B1);         // Connect Output Pin OC1B PortB.2"></config>
      <config language = "C" text = "TCCR1B |= (1&lt;&lt;CS11);         // setup prescaler 8"></config>
      <config language = "C" text = "OCR0A = 0x30;   //Pulse width 0.048mS"></config>
      <config language = "C" text = "OCR0A = 0x100;   //Pulse width 0.256mS"></config>
    </configs>
    <vectors>
    </vectors>
  </timer>
  <timer text = "M328 Timer2 @16MHz, PWM 1.02mS period on 0C2A portB.3 and OC2B PortD.3">
    <family>AVR8</family>
    <micro>ATmega328</micro>
    <name>M328 Timer2 @16MHz, PWM 1.02mS period on 0C2A portB.3 and OC2B PortD.3</name>
    <size>16</size>
    <inputpins>
      <inputpin>TOSC1</inputpin>
    </inputpins>
    <outputpins>
      <outputpin>OC2A</outputpin>
      <outputpin>OC2B</outputpin>
    </outputpins>
    <configs>
      <config language = "All" text = "'Timer 2 (8bit) @16MHz Phase Correct PWM 1.02mS period on 0C2A portB.3 and OC2B PortD.3"></config>
      <config language = "BASIC" text = ""></config>
      <config language = "BASIC" text = "TCCR0A.WGM20=1         ' Set Timer2 to Phase Correct PWM mode"></config>
      <config language = "BASIC" text = "TCCR0A.COM2A1=1         ' Connect Output Pin OC2A"></config>
      <config language = "BASIC" text = "TCCR0A.COM2B1=1         ' Connect Output Pin OC2B"></config>
      <config language = "BASIC" text = "TCCR0B.CS21=1         ' setup prescaler to 32"></config>
      <config language = "BASIC" text = "TCCR0B.CS20=1         "></config>
      <config language = "BASIC" text = "OCR2A = 0H30;   'PortB.3 Pulse width 0.192mS"></config>
      <config language = "BASIC" text = "OCR2B = 0HA0;   'PortD.3 Pulse width 0.64mS"></config>
      <config language = "C" text = "TCCR0A |= (1&lt;&lt;WGM20);         // Set Timer2 to Phase Correct PWM mode"></config>
      <config language = "C" text = "TCCR0A |= (1&lt;&lt;COM2A1);         // Connect Output Pin OC2A"></config>
      <config language = "C" text = "TCCR0A |= (1&lt;&lt;COM2B1);         // Connect Output Pin OC2B"></config>
      <config language = "C" text = "TCCR0B |= (1&lt;&lt;CS21);         // setup prescaler to 32"></config>
      <config language = "C" text = "TCCR0B |= (1&lt;&lt;CS20); "></config>
      <config language = "C" text = "OCR2A = 0x30;   //Pulse width 0.192mS"></config>
      <config language = "C" text = "OCR2B = 0xA0;   //Pulse width 0.64mS"></config>
    </configs>
    <vectors>
    </vectors>
  </timer>
  <timer text = "M16 @1MHz Timer0 PWM 33mS Period">
    <family>AVR8</family>
    <micro>ATMEga16</micro>
    <name>M16 @1MHz Timer0 PWM 32.64mS Period - suitable for dimming an LED or LCD Backlight on OC0 (PortB.3)</name>
    <size>8</size>
    <inputpins>
      <inputpin>T0</inputpin>
    </inputpins>
    <outputpins>
      <outputpin>OC0</outputpin>
    </outputpins>
    <configs>
      <config language = "All" text = "'Timer 0 (8bit) @1MHz, Phase Correct PWM, 32 mS period on OC0(PortB.3)"></config>
      <config language = "All" text = "'suitable for dimming an LED"></config>
      <config language = "BASIC" text = "'range of Compare0 is 0 to 255, so in the program change the value at anytime to change the LED brightness"></config>
      <config language = "BASIC" text = "TCCR0.WGM01 = 0   'Phase correct PWM"></config>
      <config language = "BASIC" text = "TCCR0.WGM00 = 1"></config>
      <config language = "BASIC" text = "TCCR0.COM01 = 1   'Compare Match clear UP"></config>
      <config language = "BASIC" text = "TCCR0.COM00 = 0"></config>
      <config language = "BASIC" text = "TCCR0.CS02 = 0    'Prescale = 64"></config>
      <config language = "BASIC" text = "TCCR0.CS01 = 1"></config>
      <config language = "BASIC" text = "TCCR0.CS00 = 1"></config>
      <config language = "BASIC" text = "OCR0 = 30     e.g. Compare Value of 30 gives 6.144mS pulsewidth"></config>
      <config language = "C" text = "TCCR0 |= (1&lt;&lt;WGM00);    //Phase correct PWM"></config>
      <config language = "C" text = "TCCR0 |= (1&lt;&lt;COM01);    //Compare Match Clear Up"></config>
      <config language = "C" text = "TCCR0 |= (1&lt;&lt;CS01);     //Prescale=64 Perod=32.64mS "></config>
      <config language = "C" text = "TCCR0 |= (1&lt;&lt;CS00);"></config>
      <config language = "C" text = "OCR0 = 30      //e.g. Compare Value of 30 gives 6.144mS pulsewidth"></config>
      <config language = "C" text = ""></config>
    </configs>
    <vectors>
    </vectors>
  </timer>
  <timer text = "M16 @1MHz Timer0 PWM 0.51mS Period">
    <family>AVR8</family>
    <micro>ATMEga16</micro>
    <name>M16 @1MHz Timer0 PWM 0.51mS Period - suitable for speed control of small DC motor on OC0(PortB.3)</name>
    <size>8</size>
    <inputpins>
      <inputpin>T0</inputpin>
    </inputpins>
    <outputpins>
      <outputpin>OC0</outputpin>
    </outputpins>
    <configs>
      <config language = "All" text = "'Timer 0 (8bit) @1MHz, Phase Correct PWM, 0.51mS period on OC0(PortB.3)"></config>
      <config language = "All" text = "'suitable for speed control of small DC motor"></config>
      <config language = "BASIC" text = "'range of Compare0 is 0 to 255, so in the program change the value at anytime to change the LED brightness"></config>
      <config language = "BASIC" text = "TCCR0.WGM01 = 0   'Phase correct PWM"></config>
      <config language = "BASIC" text = "TCCR0.WGM00 = 1"></config>
      <config language = "BASIC" text = "TCCR0.COM01 = 1   'Compare Match clear UP"></config>
      <config language = "BASIC" text = "TCCR0.COM00 = 0"></config>
      <config language = "BASIC" text = "TCCR0.CS02 = 0    'Prescale = 1"></config>
      <config language = "BASIC" text = "TCCR0.CS01 = 0"></config>
      <config language = "BASIC" text = "TCCR0.CS00 = 1"></config>
      <config language = "BASIC" text = "OCR0 = 30     'Compare Value of 30 gives 0.096mS pulsewidth"></config>
      <config language = "C" text = "TCCR0 |= (1&lt;&lt;WGM00);    //Phase correct PWM"></config>
      <config language = "C" text = "TCCR0 |= (1&lt;&lt;COM01);    //Compare Match Clear Up"></config>
      <config language = "C" text = "TCCR0 |= (1&lt;&lt;CS00);     //Prescale=1 Perod=0.51mS "></config>
      <config language = "C" text = "OCR0 = 30      //e.g. Compare Value of 30 gives 0.096mS pulsewidth"></config>
      <config language = "C" text = ""></config>
    </configs>
    <vectors>
    </vectors>
  </timer>
  <timer text = "M16 @1MHz Timer1 PWM 0.51mS Period - suitable for speed control of small DC motor on OC1A(PortD.5)">
    <family>AVR8</family>
    <micro>ATMEga16</micro>
    <name>M16 @1MHz Timer1 PWM 0.51mS Period - suitable for speed control of small DC motor on OC1A(PortD.5)</name>
    <size>8</size>
    <inputpins>
      <inputpin>T1</inputpin>
    </inputpins>
    <outputpins>
      <outputpin>OC1A</outputpin>
      <outputpin>OC1B</outputpin>
    </outputpins>
    <configs>
      <config language = "All" text = "'Timer 1 (16bit) @1MHz, 10bit Phase Correct PWM, 0.51mS Period on OC1A(PortD.5)"></config>
      <config language = "All" text = "'suitable for speed control of small DC motor"></config>
      <config language = "BASIC" text = ""></config>
      <config language = "C" text = "TCCR1A=((1&lt;&lt;WGM11) | (1&lt;&lt;WGM10);  //Phase Correct PWM, clear up"></config>
      <config language = "C" text = "TCCR1A=(1&lt;&lt;COM1A1);    //compare match 1B"></config>
      <config language = "C" text = "TCCR1B=(1&lt;&lt;CS01);    //prescale = 1"></config>
      <config language = "C" text = ""></config>
      <config language = "C" text = ""></config>
      <config language = "C" text = ""></config>
      <config language = "C" text = ""></config>
      <config language = "C" text = ""></config>
    </configs>
    <vectors>
    </vectors>
  </timer>
  <timer text = "M644 @1MHz Timer0 100uS Interrupt">
    <family>AVR8</family>
    <micro>ATmega644</micro>
    <name>Timer0 interupt 100uSec </name>
    <size>8</size>
    <inputpins>
      <inputpin>T0</inputpin>
    </inputpins>
    <outputpins>
      <outputpin>OC0A</outputpin>
      <outputpin>OC0B</outputpin>
    </outputpins>
    <configs>
      <config language = "All" text = "'Timer 0 (8bit) config for 100 microsecond software interrupt"></config>
      <config language = "All" text = "'Timer 0 config for 100 microsecond (when crystal = 16,000,000)"></config>
      <config language = "BASIC" text = "on COMPARE0A OC0A_isr                 'this is the sub to call on every interrupt"></config>
      <config language = "BASIC" text = "' Setup prescaler to divide by 8"></config>
      <config language = "BASIC" text = "'setup prescaler"></config>
      <config language = "BASIC" text = "TCCR0B.CS01=1"></config>
      <config language = "BASIC" text = "TCCR0A.WGM01=1                 'CTC mode (timer counts from 0 to OCR0A"></config>
      <config language = "BASIC" text = "OCR0A=199                        'max is 255"></config>
      <config language = "BASIC" text = "TIMSK0.OCIE0A=1                  'enable compareA interrupt"></config>
      <config language = "C" text = "TCCR0A |= (1&lt;&lt;WGM01);         // Set Timer0 to CTC mod"></config>
      <config language = "C" text = "TCCR0B |= (1&lt;&lt;CS01);         // setup prescalerto divide by 9"></config>
      <config language = "C" text = "OCR0A = 199;                           // set top count "></config>
      <config language = "C" text = "TIMSK0 |= (1&lt;&lt;OCIE0A);          //enable OC0A interrupt"></config>
    </configs>
    <vectors>
      <vector language="ALL" text="Timer 0 interrupt service routine - program comes here when Timer0 has reached the value in OCR0A "></vector>
      <vector language="BASIC" text="OC0A_isr:"></vector>
      <vector language="BASIC" text="return"></vector>
      <vector language="C" text="ISR(TIMER0_COMPA_vect)            // signal handler for compareA interrupt OC0A"></vector>
      <vector language="C" text="{"></vector>
      <vector language="C" text="}"></vector>
    </vectors>
  </timer>
  <timer text = "M644 @1MHz Timer0 1mS Interrupt">
    <family>AVR8</family>
    <micro>ATmega48</micro>
    <name>Timer0 interupt 1mSec </name>
    <size>8</size>
    <inputpins>
      <inputpin>T0</inputpin>
    </inputpins>
    <outputpins>
      <outputpin>OC0A</outputpin>
      <outputpin>OC0B</outputpin>
    </outputpins>
    <configs>
      <config language = "All" text = "'Timer 0 (8bit) config for 1 millisecond software interrupt"></config>
      <config language = "All" text = "'Timer 0 config for 1 millisecond (when crystal = 16,000,000)"></config>
      <config language = "BASIC" text = "on COMPARE0A OC0A_isr                 'this is the sub to call on every interrupt"></config>
      <config language = "BASIC" text = "' Setup prescaler to divide by 64"></config>
      <config language = "BASIC" text = "'setup prescaler"></config>
      <config language = "BASIC" text = "TCCR0B.CS01=1"></config>
      <config language = "BASIC" text = "TCCR0B.CS00=1"></config>
      <config language = "BASIC" text = "TCCR0A.WGM01=1                 'CTC mode (timer counts from 0 to OCR0A"></config>
      <config language = "BASIC" text = "OCR0A=249                        'max is 255"></config>
      <config language = "BASIC" text = "TIMSK0.OCIE0A=1                  'enable compareA interrupt"></config>
      <config language = "C" text = "TCCR0A |= (1&lt;&lt;WGM01);         // Set Timer0 to CTC mod"></config>
      <config language = "C" text = "TCCR0B |= (1&lt;&lt;CS01);          // setup prescalerto divide by 64"></config>
      <config language = "C" text = "TCCR0B |= (1&lt;&lt;CS00);"></config>
      <config language = "C" text = "OCR0A = 249;                           // set top count "></config>
      <config language = "C" text = "TIMSK0 |= (1&lt;&lt;OCIE0A);          //enable OC0A interrupt"></config>
    </configs>
    <vectors>
      <vector language="ALL" text="Timer 0 interrupt service routine - program comes here when Timer0 has reached the value in OCR0A "></vector>
      <vector language="BASIC" text="OC0A_isr:"></vector>
      <vector language="BASIC" text="return"></vector>
      <vector language="C" text="ISR(TIMER0_COMPA_vect)            // signal handler for compareA interrupt OC0A"></vector>
      <vector language="C" text="{"></vector>
      <vector language="C" text="}"></vector>
    </vectors>
  </timer>
  <timer text = "M644 @1MHz Timer0 10mS Interrupt">
    <family>AVR8</family>
    <micro>ATmega48</micro>
    <name>Timer0 interupt 10mSec </name>
    <size>8</size>
    <inputpins>
      <inputpin>T0</inputpin>
    </inputpins>
    <outputpins>
      <outputpin>OC0A</outputpin>
      <outputpin>OC0B</outputpin>
    </outputpins>
    <configs>
      <config language = "All" text = "'Timer 0 (8bit) config for 10 millisecond software interrupt"></config>
      <config language = "All" text = "'Timer 0 config for 10 millisecond (when crystal = 16,000,000)"></config>
      <config language = "BASIC" text = "on COMPARE0A OC0A_isr                 'this is the sub to call on every interrupt"></config>
      <config language = "BASIC" text = "' Setup prescaler to divide by 1024"></config>
      <config language = "BASIC" text = "'setup prescaler"></config>
      <config language = "BASIC" text = "TCCR0B.CS02=1"></config>
      <config language = "BASIC" text = "TCCR0B.CS00=1"></config>
      <config language = "BASIC" text = "TCCR0A.WGM01=1                 'CTC mode (timer counts from 0 to OCR0A"></config>
      <config language = "BASIC" text = "OCR0A=155                        'max is 255"></config>
      <config language = "BASIC" text = "TIMSK0.OCIE0A=1                  'enable compareA interrupt"></config>
      <config language = "C" text = "TCCR0A |= (1&lt;&lt;WGM01);         // Set Timer0 to CTC mod"></config>
      <config language = "C" text = "TCCR0B |= (1&lt;&lt;CS02);          // setup prescalerto divide by 64"></config>
      <config language = "C" text = "TCCR0B |= (1&lt;&lt;CS00);"></config>
      <config language = "C" text = "OCR0A = 155;                           // set top count "></config>
      <config language = "C" text = "TIMSK0 |= (1&lt;&lt;OCIE0A);          //enable OC0A interrupt"></config>
    </configs>
    <vectors>
      <vector language="ALL" text="Timer 0 interrupt service routine - program comes here when Timer0 has reached the value in OCR0A "></vector>
      <vector language="BASIC" text="OC0A_isr:"></vector>
      <vector language="BASIC" text="return"></vector>
      <vector language="C" text="ISR(TIMER0_COMPA_vect)            // signal handler for compareA interrupt OC0A"></vector>
      <vector language="C" text="{"></vector>
      <vector language="C" text="}"></vector>
    </vectors>
  </timer>
</timers>