﻿<?xml version="1.0" encoding="utf-8"?>
<interrupts>
  <interrupt micro="ATtiny45" interrupt="INT0">
    <family>AVR8</family>
    <micro>ATtiny45</micro>
    <name>INT0</name>
    <type>external</type>
    <enableregister>GIMSK</enableregister>
    <enablemask>0x40</enablemask>
    <controlregister>MCUCR</controlregister>
    <controlmask>0x03</controlmask>
    <flagregister>GIFR</flagregister>
    <flagmask>0x40</flagmask>
    <isr>INT0_vect</isr>
    <triggers>
      <trigger name="lowlevel" mask="0x00"></trigger>
      <trigger name="change" mask="0x01"></trigger>
      <trigger name="falling" mask="0x02"></trigger>
      <trigger name="rising" mask="0x03"></trigger>
    </triggers>
    <configs>
      <config language="All" text="configuration for INT0"></config>
      <config language="BASIC" text="Config Int0 = falling     ' or rising or low level or change"></config>
      <config language="BASIC" text="On Int0 int0_isr"></config>
      <config language="BASIC" text="Enable Int0"></config>
      <config language="C" text="MCUCR |= (1&lt;&lt;ISC01)|(1&lt;&lt;ISC00);  //rising edge "></config>
      <config language="C" text="GIMSK |= (1&lt;&lt;INT0);   //enable external interrupt INT0"></config>
    </configs>
    <vectors>
      <vector language="ALL" text="INT0 interrupt service routine - program comes here when pin is triggered"></vector>
      <vector language="BASIC" text="int0_isr:"></vector>
      <vector language="BASIC" text="return"></vector>
      <vector language="C" text="ISR(INT0_vect)            // signal handler for external interrupt INT0"></vector>
      <vector language="C" text="{"></vector>
      <vector language="C" text="}"></vector>
    </vectors>
  </interrupt>
  <interrupt micro="ATtiny45" interrupt="PCINT[4:0]">
    <family>AVR8</family>
    <micro>ATtiny45</micro>
    <name>PCINT[4:0]</name>
    <enableregister>GIMSK</enableregister>
    <enablemask>0x20</enablemask>
    <controlregister>PCMSK</controlregister>
    <controlmask>0x1f</controlmask>
    <flagregister>GIFR</flagregister>
    <flagmask>0x20</flagmask>
    <isr>PCINT_vect</isr>
    <triggers>
      <trigger name="change PCINT1" mask="0x01"></trigger>
    </triggers>
    <configs>
      <config language="C" text="// configuration for PCINT[7:0]"></config>
      <config language="C" text="PCMSK0 |= (1&lt;&lt;PCINT5)|(1&lt;&lt;PCINT1);  //e.g. pin change int for PINA.5 and PINA.1"></config>
      <config language="C" text="GIMSK |= (1&lt;&lt;PCIE1);   //enable PCINT[7:0] and PCINT[15:12]"></config>
    </configs>
    <vectors language="C">
      <vector language="C" text="//PCINT[15:12] or PCINT[7:0] interrupt service routine - program comes here when one of these pins is triggered"></vector>
      <vector language="C" text="ISR(PCINT_vect)            // handler for and PCINT interrupt"></vector>
      <vector language="C" text="{"></vector>
      <vector language="C" text="}"></vector>
    </vectors>
  </interrupt>
  <interrupt  micro="ATtiny461" interrupt="INT0">
    <family>AVR8</family>
    <micro>ATtiny461</micro>
    <name>INT0</name>
    <type>external</type>
    <enableregister>GIMSK</enableregister>
    <enablemask>0x40</enablemask>
    <controlregister>MCUCR</controlregister>
    <controlmask>0x03</controlmask>
    <flagregister>GIFR</flagregister>
    <flagmask>0x40</flagmask>
    <isr>INT0_vect</isr>
    <triggers>
      <trigger name="lowlevel" mask="0x00"></trigger>
      <trigger name="change" mask="0x01"></trigger>
      <trigger name="falling" mask="0x02"></trigger>
      <trigger name="rising" mask="0x03"></trigger>
    </triggers>
    <configs>
      <config language="All" text="configuration for INT0"></config>
      <config language="BASIC" text="Config Int0 = falling     ' or rising or low level or change"></config>
      <config language="BASIC" text="On Int0 int0_isr"></config>
      <config language="BASIC" text="Enable Int0"></config>
      <config language="C" text="MCUCR |= (1&lt;&lt;ISC01)|(1&lt;&lt;ISC00);  //rising edge "></config>
      <config language="C" text="GIMSK |= (1&lt;&lt;INT0);   //enable external interrupt INT0"></config>
    </configs>
    <vectors>
      <vector language="ALL" text="INT0 interrupt service routine - program comes here when pin is triggered"></vector>
      <vector language="BASIC" text="int0_isr:"></vector>
      <vector language="BASIC" text="return"></vector>
      <vector language="C" text="ISR(INT0_vect)            // signal handler for external interrupt INT0"></vector>
      <vector language="C" text="{"></vector>
      <vector language="C" text="}"></vector>
    </vectors>
  </interrupt>
  <interrupt micro="ATtiny461" interrupt="INT1">
    <family>AVR8</family>
    <micro>ATtiny461</micro>
    <name>INT1</name>
    <enableregister>GIMSK</enableregister>
    <enablemask>0x80</enablemask>
    <controlregister>MCUCR</controlregister>
    <controlmask>0x0C</controlmask>
    <flagregister>GIFR</flagregister>
    <isr>INT1_vect</isr>
    <flagmask>0x80</flagmask>
    <triggers>
      <trigger name="lowlevel" mask="0x00"></trigger>
      <trigger name="change" mask="0x04"></trigger>
      <trigger name="falling" mask="0x08"></trigger>
      <trigger name="rising" mask="0x0C"></trigger>
    </triggers>
    <configs>
      <config language="ALL" text="configuration for INT0"></config>
      <config language="BASIC" text="Config Int1 = falling     ' or rising or low level or change"></config>
      <config language="BASIC" text="On Int1 int1_isr"></config>
      <config language="BASIC" text="Enable Int1 "></config>
      <config language="C" text="MCUCR |= (1&lt;&lt;ISC11)|(1&lt;&lt;ISC10);  //rising edge "></config>
      <config language="C" text="GIMSK |= (1&lt;&lt;INT1);   //enable external interrupt INT1"></config>
    </configs>
    <vectors>
      <vector language="ALL" text="INT1 interrupt service routine - program comes here when pin is triggered"></vector>
      <vector language="BASIC" text="int1_isr:"></vector>
      <vector language="BASIC" text="return"></vector>
      <vector language="C" text="ISR(INT1_vect)            // signal handler for external interrupt INT0"></vector>
      <vector language="C" text="{"></vector>
      <vector language="C" text="}"></vector>
    </vectors>
  </interrupt>
  <interrupt micro="ATtiny461" interrupt="PCINT[7:0]">
    <family>AVR8</family>
    <micro>ATtiny461</micro>
    <name>PCINT[7:0]</name>
    <enableregister>GIMSK</enableregister>
    <enablemask>0x80</enablemask>
    <controlregister>PCMSK0</controlregister>
    <controlmask>0xff</controlmask>
    <flagregister>GIFR</flagregister>
    <flagmask>0x20</flagmask>
    <isr>PCINT_vect</isr>
    <triggers>
      <trigger name="change PCINT1" mask="0x01"></trigger>
    </triggers>
    <configs>
      <config language="C" text="// configuration for PCINT[7:0]"></config>
      <config language="C" text="PCMSK0 |= (1&lt;&lt;PCINT5)|(1&lt;&lt;PCINT1);  //e.g. pin change int for PINA.5 and PINA.1"></config>
      <config language="C" text="GIMSK |= (1&lt;&lt;PCIE1);   //enable PCINT[7:0] and PCINT[15:12]"></config>
    </configs>
    <vectors language="C">
      <vector language="C" text="//PCINT[15:12] or PCINT[7:0]  interrupt service routine - program comes here when one of these pins is triggered"></vector>
      <vector language="C" text="ISR(PCINT_vect)            // handler for and PCINT interrupt"></vector>
      <vector language="C" text="{"></vector>
      <vector language="C" text="}"></vector>
    </vectors>
  </interrupt>
  <interrupt micro="ATtiny461" interrupt="PCINT[15:12]">
    <family>AVR8</family>
    <micro>ATtiny461</micro>
    <name>PCINT[15:12]</name>
    <enableregister>GIMSK</enableregister>
    <enablemask>5</enablemask>
    <controlregister>PCMSK1</controlregister>
    <controlmask>0xf0</controlmask>
    <flagregister>GIFR</flagregister>
    <flagmask>0x20</flagmask>
    <isr>PCINT_vect</isr>
    <triggers>
      <trigger name="change" mask="0x01"></trigger>
    </triggers>
    <configs>
      <config language="C" text="//configuration for PCINT[15:12]"></config>
      <config language="C" text="PCMSK1 |= (1&lt;&lt;PCINT14)|(1&lt;&lt;PCINT12);  //e.g. pin change int for PINB.6 and PINB.4"></config>
      <config language="C" text="GIMSK |= (1&lt;&lt;PCIE1);   //enable PCINT[7:0] and PCINT[15:12]"></config>
    </configs>
    <vectors language="C">
      <vector language="C" text="//PCINT[15:12] or PCINT[7:0] Interrupt service routine - program comes here when one of these pins is triggered"></vector>
      <vector language="C" text="ISR(PCINT_vect)            // handler for and PCINT interrupt"></vector>
      <vector language="C" text="{"></vector>
      <vector language="C" text="}"></vector>
    </vectors>
  </interrupt>
  <interrupt micro="ATtiny461" interrupt="PCINT[11:8]">
    <family>AVR8</family>
    <micro>ATtiny461</micro>
    <name>PCINT[11:8]</name>
    <enableregister>GIMSK</enableregister>
    <enablemask>4</enablemask>
    <controlregister>PCMSK1</controlregister>
    <controlmask>0xF0</controlmask>
    <flagregister>GIFR</flagregister>
    <flagmask>0x20</flagmask>
    <isr>PCINT_vect</isr>
    <triggers>
      <trigger name="change" mask="0x01"></trigger>
    </triggers>
    <configs>
      <config language="C" text="//configuration for PCINT[7:0] and PCINT[11:8]"></config>
      <config language="C" text="PCMSK1 |= (1&lt;&lt;PCINT11)|(1&lt;&lt;PCINT8);  //e.g. pin change int for PINB.3 and PINB.0"></config>
      <config language="C" text="GIMSK |= (1&lt;&lt;PCIE0);   //enable PCINT[11:8] "></config>
    </configs>
    <vectors>
      <vector language="C" text="//PCINT[11:8] interrupt service routine - program comes here when one of these pins is changed"></vector>
      <vector language="C" text="ISR(PCINT_vect)            // handler for and PCINT interrupt"></vector>
      <vector language="C" text="{"></vector>
      <vector language="C" text="}"></vector>
    </vectors>
  </interrupt>
  <interrupt micro="ATtiny16A" interrupt="INT0">
    <family>AVR8</family>
    <micro>ATmega16A</micro>
    <name>INT0</name>
    <enableregister>GICR</enableregister>
    <enablemask>0x40</enablemask>
    <controlregister>MCUCR</controlregister>
    <controlmask>0x03</controlmask>
    <flagregister>GIFR</flagregister>
    <flagmask>0x40</flagmask>
    <isr>INT0_vect</isr>
    <triggers>
      <trigger name="lowlevel" mask="0x00"></trigger>
      <trigger name="change" mask="0x01"></trigger>
      <trigger name="falling" mask="0x02"></trigger>
      <trigger name="rising" mask="0x03"></trigger>
    </triggers>
    <configs>
      <config language="All" text="configuration for INT0"></config>
      <config language="BASIC" text="Config Int0 = falling     ' or rising or low level or change"></config>
      <config language="BASIC" text="On Int0 int0_isr"></config>
      <config language="BASIC" text="Enable Int0 "></config>
      <config language="C" text="MCUCR |= (1&lt;&lt;ISC01)|(1&lt;&lt;ISC00);  //rising edge "></config>
      <config language="C" text="GICR |= (1&lt;&lt;INT0);   //enable external interrupt INT0"></config>
      <config language="C" text="GIFR |= (1&lt;&lt;INTF0);   //clear interrupt INT0"></config>
    </configs>
    <vectors>
      <vector language="ALL" text="INT0 interrupt service routine - program comes here when pin is triggered"></vector>
      <vector language="BASIC" text="int0_isr:"></vector>
      <vector language="BASIC" text="return"></vector>
      <vector language="C" text="ISR(INT0_vect)            // signal handler for external interrupt INT0"></vector>
      <vector language="C" text="{"></vector>
      <vector language="C" text="}"></vector>
    </vectors>
  </interrupt>
  <interrupt micro="ATmega16A" interrupt="INT1">
    <family>AVR8</family>
    <micro>ATmega16A</micro>
    <name>INT1</name>
    <enableregister>GICR</enableregister>
    <enablemask>0x40</enablemask>
    <controlregister>MCUCR</controlregister>
    <controlmask>0x0C</controlmask>
    <flagregister>GIFR</flagregister>
    <flagmask>0x40</flagmask>
    <isr>INT1_vect</isr>
    <triggers>
      <trigger name="lowlevel" mask="0x00"></trigger>
      <trigger name="change" mask="0x04"></trigger>
      <trigger name="falling" mask="0x08"></trigger>
      <trigger name="rising" mask="0x0C"></trigger>
    </triggers>
    <configs>
      <config language="All" text="configuration for INT1"></config>
      <config language="BASIC" text="Config Int1 = falling     ' or rising or low level or change"></config>
      <config language="BASIC" text="On Int1 int1_isr"></config>
      <config language="BASIC" text="Enable Int1 "></config>
      <config language="C" text="MCUCR |= (1&lt;&lt;ISC11)|(1&lt;&lt;ISC10);  //rising edge "></config>
      <config language="C" text="GICR |= (1&lt;&lt;INT1);   //enable external interrupt INT1"></config>
      <config language="C" text="GIFR |= (1&lt;&lt;INTF1);   //clear interrupt INT1"></config>
    </configs>
    <vectors>
      <vector language="ALL" text="INT1 interrupt service routine - program comes here when pin is triggered"></vector>
      <vector language="BASIC" text="int1_isr:"></vector>
      <vector language="BASIC" text="return"></vector>
      <vector language="C" text="ISR(INT1_vect)            // signal handler for external interrupt INT1"></vector>
      <vector language="C" text="{"></vector>
      <vector language="C" text="}"></vector>
    </vectors>
  </interrupt>
  <interrupt micro="ATmega16A" interrupt="INT2">
    <family>AVR8</family>
    <micro>ATmega16A</micro>
    <name>INT2</name>
    <enableregister>GICR</enableregister>
    <enablemask>0x20</enablemask>
    <controlregister>MCUCSR</controlregister>
    <controlmask>0x20</controlmask>
    <flagregister>GIFR</flagregister>
    <flagmask>0x20</flagmask>
    <isr>INT2_vect</isr>
    <triggers>
      <trigger name="falling" mask="0x00"></trigger>
      <trigger name="rising" mask="0x40"></trigger>
    </triggers>
    <configs>
      <config language="All" text="configuration for INT2"></config>
      <config language="BASIC" text="Config Int2 = falling     ' or rising or low level or change"></config>
      <config language="BASIC" text="On Int2 int2_isr"></config>
      <config language="BASIC" text="Enable Int2 "></config>
      <config language="C" text="MCUCSR= (1&lt;&lt;ISC2);  //rising edge "></config>
      <config language="C" text="GICR |= (1&lt;&lt;INT2);   //enable external interrupt INT2"></config>
      <config language="C" text="GIFR |= (1&lt;&lt;INTF2);   //clear interrupt INT2"></config>
    </configs>
    <vectors>
      <vector language="ALL" text="INT2 interrupt service routine - program comes here when pin is triggered"></vector>
      <vector language="BASIC" text="int2_isr:"></vector>
      <vector language="BASIC" text="return"></vector>
      <vector language="C" text="ISR(INT2_vect)            // signal handler for external interrupt INT2"></vector>
      <vector language="C" text="{"></vector>
      <vector language="C" text="}"></vector>
    </vectors>
  </interrupt>
  <interrupt micro="ATmega48" interrupt="INT0">
    <family>AVR8</family>
    <micro>ATmega48</micro>
    <name>INT0</name>
    <enableregister>EIMSK</enableregister>
    <enablemask>0x01</enablemask>
    <controlregister>EICRA</controlregister>
    <controlmask>0x03</controlmask>
    <flagregister>EIFR</flagregister>
    <flagmask>0x01</flagmask>
    <isr>INT0_vect</isr>
    <triggers>
      <trigger name="lowlevel" mask="0x00"></trigger>
      <trigger name="change" mask="0x01"></trigger>
      <trigger name="falling" mask="0x02"></trigger>
      <trigger name="rising" mask="0x03"></trigger>
    </triggers>
    <configs>
      <config language="All" text="configuration for INT0"></config>
      <config language="BASIC" text="Config Int0 = falling     ' or rising or low level or change"></config>
      <config language="BASIC" text="On Int0 int0_isr"></config>
      <config language="BASIC" text="Enable Int0 "></config>
      <config language="C" text="EICRA |= (1&lt;&lt;ISC01)|(1&lt;&lt;ISC00);  //rising edge "></config>
      <config language="C" text="EIMSK |= (1&lt;&lt;INT0);   //enable external interrupt INT0"></config>
    </configs>
    <vectors>
      <vector language="ALL" text="INT0 interrupt service routine - program comes here when pin is triggered"></vector>
      <vector language="BASIC" text="int0_isr:"></vector>
      <vector language="BASIC" text="return"></vector>
      <vector language="C" text="ISR(INT0_vect)            // signal handler for external interrupt INT0"></vector>
      <vector language="C" text="{"></vector>
      <vector language="C" text="}"></vector>
    </vectors>
  </interrupt>
  <interrupt micro="ATmega48" interrupt="INT1">
    <family>AVR8</family>
    <micro>ATmega48</micro>
    <name>INT1</name>
    <enableregister>EIMSK</enableregister>
    <enablemask>0x02</enablemask>
    <controlregister>EICRA</controlregister>
    <controlmask>0x0C</controlmask>
    <flagregister>EIFR</flagregister>
    <flagmask>0x01</flagmask>
    <isr>INT1_vect</isr>
    <triggers>
      <trigger name="lowlevel" mask="0x00"></trigger>
      <trigger name="change" mask="0x04"></trigger>
      <trigger name="falling" mask="0x08"></trigger>
      <trigger name="rising" mask="0x0C"></trigger>
    </triggers>
    <configs>
      <config language="All" text="configuration for INT1"></config>
      <config language="BASIC" text="Config Int1 = falling     ' or rising or low level or change"></config>
      <config language="BASIC" text="On Int1 int1_isr"></config>
      <config language="BASIC" text="Enable Int1 "></config>
      <config language="C" text="EICRA |= (1&lt;&lt;ISC11)|(1&lt;&lt;ISC10);  //rising edge "></config>
      <config language="C" text="EIMSK |= (1&lt;&lt;INT1);   //enable external interrupt INT1"></config>
    </configs>
    <vectors>
      <vector language="ALL" text="INT1 interrupt service routine - program comes here when pin is triggered"></vector>
      <vector language="BASIC" text="int1_isr:"></vector>
      <vector language="BASIC" text="return"></vector>
      <vector language="C" text="ISR(INT1_vect)            // signal handler for external interrupt INT1"></vector>
      <vector language="C" text="{"></vector>
      <vector language="C" text="}"></vector>
    </vectors>
  </interrupt>
  <interrupt micro="ATmega644" interrupt="INT0">
    <family>AVR8</family>
    <micro>ATmega644</micro>
    <name>INT0</name>
    <enableregister>EIMSK</enableregister>
    <enablemask>0x01</enablemask>
    <controlregister>EICRA</controlregister>
    <controlmask>0x03</controlmask>
    <flagregister>EIFR</flagregister>
    <flagmask>0</flagmask>
    <isr>INT0_vect</isr>
    <triggers>
      <trigger name="lowlevel" mask="0x00"></trigger>
      <trigger name="change" mask="0x01"></trigger>
      <trigger name="falling" mask="0x02"></trigger>
      <trigger name="rising" mask="0x03"></trigger>
    </triggers>
    <configs>
      <config language="All" text="configuration for INT0"></config>
      <config language="BASIC" text="Config Int0 = falling     ' or rising or low level or change"></config>
      <config language="BASIC" text="On Int0 int0_isr"></config>
      <config language="BASIC" text="Enable Int0 "></config>
      <config language="C" text="EICRA |= (1&lt;&lt;ISC01)|(1&lt;&lt;ISC00);  //rising edge "></config>
      <config language="C" text="EIMSK |= (1&lt;&lt;INT0);   //enable external interrupt INT0"></config>
    </configs>
    <vectors>
      <vector language="ALL" text="INT0 interrupt service routine - program comes here when pin is triggered"></vector>
      <vector language="BASIC" text="int0_isr:"></vector>
      <vector language="BASIC" text="return"></vector>
      <vector language="C" text="ISR(INT0_vect)            // signal handler for external interrupt INT0"></vector>
      <vector language="C" text="{"></vector>
      <vector language="C" text="}"></vector>
    </vectors>
  </interrupt>
  <interrupt micro="ATmega644" interrupt="INT1">
    <family>AVR8</family>
    <micro>ATmega644</micro>
    <name>INT1</name>
    <enableregister>EIMSK</enableregister>
    <enablemask>0x02</enablemask>
    <controlregister>EICRA</controlregister>
    <controlmask>0x0C</controlmask>
    <flagregister>EIFR</flagregister>
    <flagmask>1</flagmask>
    <isr>INT1_vect</isr>
    <triggers>
      <trigger name="lowlevel" mask="0x00"></trigger>
      <trigger name="change" mask="0x04"></trigger>
      <trigger name="falling" mask="0x08"></trigger>
      <trigger name="rising" mask="0x0C"></trigger>
    </triggers>
    <configs>
      <config language="All" text="configuration for INT1"></config>
      <config language="BASIC" text="Config Int1 = falling     ' or rising or low level or change"></config>
      <config language="BASIC" text="On Int1 int1_isr"></config>
      <config language="BASIC" text="Enable Int1 "></config>
      <config language="C" text="EICRA |= (1&lt;&lt;ISC11)|(1&lt;&lt;ISC10);  //rising edge "></config>
      <config language="C" text="EIMSK |= (1&lt;&lt;INT1);   //enable external interrupt INT1"></config>
    </configs>
    <vectors>
      <vector language="ALL" text="INT1 interrupt service routine - program comes here when pin is triggered"></vector>
      <vector>int1_isr:"&gt;</vector>
      <vector>return"</vector>
      <vector language="C" text="ISR(INT1_vect)            // signal handler for external interrupt INT1"></vector>
      <vector language="C" text="{"></vector>
      <vector language="C" text="}"></vector>
    </vectors>
  </interrupt>
  <interrupt micro="ATmega644" interrupt="INT2">
    <family>AVR8</family>
    <micro>ATmega644</micro>
    <name>INT2</name>
    <enableregister>EIMSK</enableregister>
    <enablemask>0x04</enablemask>
    <controlregister>EICRA</controlregister>
    <controlmask>0x0C</controlmask>
    <flagregister>EIFR</flagregister>
    <flagmask>0x04</flagmask>
    <isr>INT2_vect</isr>
    <triggers>
      <trigger name="lowlevel" mask="0x00"></trigger>
      <trigger name="change" mask="0x04"></trigger>
      <trigger name="falling" mask="0x08"></trigger>
      <trigger name="rising" mask="0x0C"></trigger>
    </triggers>
    <configs>
      <config language="All" text="configuration for INT2"></config>
      <config language="BASIC">Config Int1 = falling     ' or rising or low level or change"&gt;</config>
      <config language="BASIC">On Int1 int1_isr"&gt;</config>
      <config language="BASIC">"&gt;</config>
      <config language="BASIC">Enable Int1 "&gt;</config>
      <config language="C" text="EICRA |= (1&lt;&lt;ISC11)|(1&lt;&lt;ISC10);  //rising edge "></config>
      <config language="C" text="EIMSK |= (1&lt;&lt;INT1);   //enable external interrupt INT1"></config>
    </configs>
    <vectors>
      <vector language="ALL" text="INT2 interrupt service routine - program comes here when pin is triggered"></vector>
      <vector language="BASIC">int1_isr:"&gt;</vector>
      <vector language="BASIC">return"&gt;</vector>
      <vector language="C">ISR(INT1_vect)            // signal handler for external interrupt INT1"&gt;</vector>
      <vector language="C">{"&gt;</vector>
      <vector language="C">}"&gt;</vector>
    </vectors>
  </interrupt>
  <interrupt micro="ATmega328" interrupt="INT0">
    <family>AVR8</family>
    <micro>ATmega328</micro>
    <name>INT0</name>
    <enableregister>EIMSK</enableregister>
    <enablemask>0x01</enablemask>
    <controlregister>EICRA</controlregister>
    <controlmask>0x03</controlmask>
    <flagregister>EIFR</flagregister>
    <flagmask>0</flagmask>
    <isr>INT0_vect</isr>
    <triggers>
      <trigger name="lowlevel" mask="0x00"></trigger>
      <trigger name="change" mask="0x01"></trigger>
      <trigger name="falling" mask="0x02"></trigger>
      <trigger name="rising" mask="0x03"></trigger>
    </triggers>
    <configs>
      <config language="All" text="configuration for INT0"></config>
      <config language="BASIC" text="Config Int0 = falling     ' or rising or low level or change"></config>
      <config language="BASIC" text="On Int0 int0_isr"></config>
      <config language="BASIC" text="Enable Int0 "></config>
      <config language="C" text="EICRA |= (1&lt;&lt;ISC01)|(1&lt;&lt;ISC00);  //rising edge "></config>
      <config language="C" text="EIMSK |= (1&lt;&lt;INT0);   //enable external interrupt INT0"></config>
    </configs>
    <vectors>
      <vector language="ALL" text="INT0 interrupt service routine - program comes here when pin is triggered"></vector>
      <vector language="BASIC" text="int0_isr:"></vector>
      <vector language="BASIC" text="return"></vector>
      <vector language="C" text="ISR(INT0_vect)            // signal handler for external interrupt INT0"></vector>
      <vector language="C" text="{"></vector>
      <vector language="C" text="}"></vector>
    </vectors>
  </interrupt>
  <interrupt micro="ATmega328" interrupt="INT1">
    <family>AVR8</family>
    <micro>ATmega328</micro>
    <name>INT1</name>
    <enableregister>EIMSK</enableregister>
    <enablemask>0x02</enablemask>
    <controlregister>EICRA</controlregister>
    <controlmask>0x0C</controlmask>
    <flagregister>EIFR</flagregister>
    <flagmask>1</flagmask>
    <isr>INT1_vect</isr>
    <triggers>
      <trigger name="lowlevel" mask="0x00"></trigger>
      <trigger name="change" mask="0x04"></trigger>
      <trigger name="falling" mask="0x08"></trigger>
      <trigger name="rising" mask="0x0C"></trigger>
    </triggers>
    <configs>
      <config language="All" text="configuration for INT1"></config>
      <config language="BASIC" text="Config Int1 = falling     ' or rising or low level or change"></config>
      <config language="BASIC" text="On Int1 int1_isr"></config>
      <config language="BASIC" text="Enable Int1 "></config>
      <config language="C" text="EICRA |= (1&lt;&lt;ISC11)|(1&lt;&lt;ISC10);  //rising edge "></config>
      <config language="C" text="EIMSK |= (1&lt;&lt;INT1);   //enable external interrupt INT1"></config>
    </configs>
    <vectors>
      <vector language="ALL" text="INT1 interrupt service routine - program comes here when pin is triggered"></vector>
      <vector language="BASIC" text="int1_isr:"></vector>
      <vector language="BASIC" text="return"></vector>
      <vector language="C" text="ISR(INT1_vect)            // signal handler for external interrupt INT1"></vector>
      <vector language="C" text="{"></vector>
      <vector language="C" text="}"></vector>
    </vectors>
  </interrupt>

</interrupts>