﻿<?xml version="1.0" encoding="utf-8"?>
<VisualizerTasks>
  <task number="0" title="Hello World" category="Introduction">
    <instructions>Welcome to the world of programming embedded systems using the Atmel AVR microcontrollers.

The term EMBEDDED SYSTEM describes an electronic circuit that has at its heart a computer chip called a MICROCONTROLLER.

An everyday example of this is a washing machine, the LEDs, switches, motor, pump etc are all connected to a microcontroller. And inside the microcontroller is a program that the designer developed to control the washing machine system and all its subsytems.

Often computer programming students start with a very first program that prints "Hello World" onto the screen. With embedded systems we do not always have screens so an LED is flashed on and off to see if the system is working.

Run this program to see if it works.</instructions>
    <code>
'to run this program you will need 
' an led connected to PORTA.7
Config PORTA = output; ' configure all PORTA as outputs 
do 
    set PORTA.7     'LED A7 on
    wait 1          'wait 1 second
    reset PORTA.7   'LED A7 off
    wait 1          'wait 1 second
loop
   
    </code>
  </task>
  <task number="1" title="configure instructions" category="Instructions">
    <instructions>There are two type of instructions in your progams: instructions that set up the microcontroller to behave in certain ways (configure it) and instructions that it carries out
.
This is a CONFIGURATION instruction:
Config PORTA.3 = input

This instruction makes the microcontroller setup1 of the pins on PORTA to be an output and 7 of the pins to be inputs.

Before you can make the micro do things you must configure it first.


</instructions>
    <code>' learn how to configure the microcontroller
'initially all pins are inputs

Config PORTA.7 = output     'CONFIGURE only PORTA.7 as an output 
Config PORTB = output       'configure all of PORTB as outputs
Config PINB.3 = input       'just pinb.3 is input 


do
    PORTA = &amp;b10000000;     'LED on
    waitms 50               'wait 50 mSecs (0.050 seconds)
    PORTA = &amp;b00000000;     'LED off
    wait 3                  'wait 3 seconds
loop
    </code>
  </task>
  <task number="2" title="OUTPUT Instructions" category="Instructions">
    <instructions>Each line of the program has different INSTRUCTIONS for the microcontroller to execute.

PORTA = &amp;b10000000; is an instruction that makes 1 pin of the microcontroller high (5 volts) rather than low (0 volts)

PORTA = &amp;b01000000, is an instruction to make a different pin go high and make the last pin go low - thats like in a shop where you get 2 things for the price of one!!

waitms(100); is an instruction to delay the micro for 100mS (0.1 of a second) - if we didnt delay the micro we wouldnt see it change because it can change things thousands of times faster than we can see them.

LEARNING:
 - that if you dont slow the micro down you wont see the LEDs flash on and off
- 100mS = 0.1S
&amp;B01000000 - there are 8 pins on a port, this binary numeber turns on 1 of them AND turns off 7 of them.


	</instructions>
    <code>'instructions that CONTROL the microcontroller
'    instructions make it do things
'to run this program you will need 3 leds on PORTA 
' A.7, A.6, A.5

config PORTA = output 'configure PORTA as outputs 

do 
    PORTA = &amp;b10000000    'LED on
    waitms 100            'wait a bit
    PORTA = &amp;b01000000    'LED off
    waitms 100            'wait a bit
    PORTA = &amp;h20;         'LED off
    waitms 100                'wait a bit
loop  </code>
  </task>
  <task number="3" title="Variable Declaration" category="Data">
    <instructions>Any computer needs to do more than contol things it needs to use data.  Data may come into the micro from the outside world through sensors or from users via switches.

This data is stored into the microcontrollers RAM

</instructions>
    <code>'Change the VIEW so you can see Memory 
'There are THREE views of memory, a simple, a standard and and a full
'just use the simpler view to start with

'how many seconds does this count? 
'change it so that it counts 22 seconds in total
' include the time the led is on for 

Config PORTA = output   ' configure PORTA as an output 
dim count as byte       ' DIMension (allocate) RAM for data storage

do
    count = count + 1
    waitms 100
    if count = 14 then 
        count = 0
        set PORTA.7
        waitms 300
        reset PORTA.7
    endif
    
loop

</code>
  </task>
</VisualizerTasks>