﻿<?xml version="1.0" encoding="utf-8"?>
<VisualizerTasks>
  <task number="0" title="Hello World" category="Introduction">
    <instructions>Welcome to the world of programming embedded systems using the Atmel AVR microcontrollers.

The term EMBEDDED SYSTEM describes an electronic circuit that has at its heart a computer chip called a MICROCONTROLLER.

An everyday example of this is a washing machine, the LEDs, switches, motor, pump etc are all connected to a microcontroller.

Inside the microcontroller is a program that the designer developed to control the washing machine


Historically computer programming students start with a very first program that prints "Hello World" onto the screen.
Often embedded systems do not have screens so an LED is flashed on and off to see if the system is working.

Run this program to se if it works.</instructions>
    <code>
//to run this program you will need an led connected to PORTA.7
DDRA = 0b10000000;     // make PORTA.7 an output 
while (1) 
{
    PORTA = 0b10000000;   //LED A7 on
    _delay_ms (500);      //wait 1/2 a second
    PORTA = 0b00000000;   //LED A7 off
    _delay_ms(500);      //wait 1/2 a second
}
   
    </code>
  </task>
  <task number="1" title="Variable Declaration" category="Data structures">
    <instructions>instructions</instructions>
    <code>uint8_t a;
int8_t b = -3;
uint16_t c = 3456;
int16_t d = -1234;
uint32_t e = 700000;
int32_t f = -1000000;
float flo = 123.456;

uint8_t g1=2,g2,gh=3,fr;


uint8_t ar[3];
int16_t arr[2][3] = {{1,2,3},{4,5,6}};

a=3;</code>
  </task>
  <task number="2" title="defines consts" category="Data structures">
    <instructions>Each line of the program has different INSTRUCTIONS for the microcontroller to execute.

Some lines will no thave instructions they will have comments.

comments are really important in helping you describe and explain what your program does.
	</instructions>
    <code>
#define PI 39
#define setled PORTA |= 1 &lt;&lt; 5
#define setld() PORTB |= 1 &lt;&lt; 4
#define myname "Oscar"
const uint8_t a = 34
const char[] hisname="Steve"
uint8_t x;

x = PI;
x = setled;
x = setld();
x = a;</code>
  </task>
  <task number="3" title="Main function" category="functions">
    <instructions>here ges with arrays</instructions>
    <code>

#define size 4

int main(void)
{
    int8_t x;
    while (1)
    {
     x += size;   
    }
}</code>
  </task>
  <task number="4" title="functions" category="functions">
    <instructions>
</instructions>
    <code>//test function calls 
//test vaiable scope

void goleft(); //funcProt
void goright() //funcDecl
{
    int x;
    //move right
} 

int main(void)
{
    goleft();  //funcCall
    goright(); //funcCall
}

void goleft() //funcDecl
{
    int x;
    //move left
}
</code>
  </task>
  <task number="5" title="factorial" category="Data structures">
    <instructions>instructions</instructions>
    <code>int fact = 0;

int factorial (int num); //16 bit signed integer

int main(void)
{
    int n = 6;
    fact = factorial (n);
}




int factorial (int num)
{
    int temp;
    if (num &lt;= 1)
        return 1;
    temp = num * factorial (num-1);
    return temp;
}

</code>
  </task>
  <task number="6" title="Multiple tests" category="Data structures">
    <instructions>instructions</instructions>
    <code>//code here</code>
  </task>
  <task number="7" title="Pre Post Incr Decr" category="Data structures">
    <instructions></instructions>
    <code>
u8 a = 14;
u8 b = 45
b = a--;
a = 34;
a++;
a--;
++a;
--a;
b = --a;
b = a++;
DDRA = 0b00001111
DDRB  = DDRA++
DDRB++</code>
  </task>
  <task number="8" title="pointers" category="Data structures">
    <instructions></instructions>
    <code>void swapInt(int *x, int *y);

int main(void)
{
uint16_t *ptr_1; //declare a pointer

uint16_t a = 5;
uint16_t b = 8;
uint16_t c = 11;

ptr_1 = &amp;a; //reference operator
*ptr_1 = 2 //dereference operator
c = *ptr_1++;    //correct - dereferences ptr-1 then adds 1 to ptr_1
//c = (*ptr_1++ + 3);    //correct 
//(*ptr_1)++;  //not working


int x = 10;
int y = 20;

swapInt(&amp;x, &amp;y);

}

void swapInt(int *x, int *y)
{
    int temp = *x;
    *x = *y;
    *y = temp;
}
</code>
  </task>
</VisualizerTasks>