﻿<?xml version="1.0" encoding="utf-8"?>
<VisualizerTasks>
  <task number="0" title="Hello World" category="Introduction">
    <instructions>Welcome to the world of programming embedded systems using the Atmel AVR microcontrollers.

The term EMBEDDED SYSTEM describes an electronic circuit that has at its heart a computer chip called a MICROCONTROLLER.

An everyday example of this is a washing machine, the LEDs, switches, motor, pump etc are all connected to a microcontroller.

Inside the microcontroller is a program that the designer developed to control the washing machine


Historically computer programming students start with a very first program that prints "Hello World" onto the screen.
Often embedded systems do not have screens so an LED is flashed on and off to see if the system is working.

Run this program to se if it works.</instructions>
    <code>
//to run this program you will need an led connected to PORTA.7
DDRA = 0b10000000;     // make PORTA.7 an output 
while (1) 
{
    PORTA = 0b10000000;   //LED A7 on
    _delay_ms (500);      //wait 1/2 a second
    PORTA = 0b00000000;   //LED A7 off
    _delay_ms(500);      //wait 1/2 a second
}
   
    </code>
  </task>
  <task number="1" title="Variable Declaration" category="Data structures">
    <instructions>instructions</instructions>
    <code>uint8_t a;
int8_t b = -3;
uint16_t c = 3456;
int16_t d = -1234;
uint32_t e = 700000;
int32_t f = -1000000;
float flo = 123.456;

uint8_t g1=2,g2,gh=3,fr;


uint8_t ar[3];
int16_t arr[2][3] = {{1,2,3},{4,5,6}};

a=3;</code>
  </task>
  <task number="2" title="defines consts" category="Data structures">
    <instructions>Each line of the program has different INSTRUCTIONS for the microcontroller to execute.

Some lines will no thave instructions they will have comments.

comments are really important in helping you describe and explain what your program does.
	</instructions>
    <code>
#define PI 39
#define setled PORTA |= 1 &lt;&lt; 5
#define setld() PORTB |= 1 &lt;&lt; 4
#define myname "Oscar"
const uint8_t a = 34
const char[] hisname="Steve"
uint8_t x;

x = PI;
x = setled;
x = setld();
x = a;</code>
  </task>
  <task number="3" title="Main function" category="functions">
    <instructions>here ges with arrays</instructions>
    <code>

#define size 4

int main(void)
{
    int8_t x;
    while (1)
    {
     x += size;   
    }
}</code>
  </task>
  <task number="4" title="functions" category="functions">
    <instructions>
</instructions>
    <code>

void goleft(); //funcProt
void goright() //funcDecl
{
    //move right
} 

int main(void)
{
    goleft();  //funcCall
    goright(); //funcCall
}

void goleft() //funcDecl
{
    //move left
}</code>
  </task>
  <task number="5" title="factorial" category="Data structures">
    <instructions>instructions</instructions>
    <code>uint8_t fact = 0;

uint8_t factorial (uint8_t num);

int main(void)
{
    uint8_t n = 5;
    fact = factorial (n);
 
    while (1)
    {
    }    
}




uint8_t factorial (uint8_t num)
{
    uint8_t temp;
    if (num &lt;= 1)
        return 1;
    temp = num * factorial (num-1);
    return temp;
}

</code>
  </task>
  <task number="6" title="Multiple tests" category="Data structures">
    <instructions>instructions</instructions>
    <code>int x1[4] = {1, 2, 4, 7};
int x2[4] = {1, 2, 5, 7};
int i1 = 3;
int i2 = 3;
int count = 0;
while ((i1 &gt; 0) &amp;&amp; (i2 &gt; 0)) 
{
    if (x1[i1] == x2[i2]) 
    {
        ++count;
        --i1;
        --i2;
    }
    else 
    {
    if (x1[i1] &lt; x2[i2])
        --i2;
    else 
        --i1;
    }
}</code>
  </task>
</VisualizerTasks>