﻿<?xml version="1.0" encoding="utf-8"?>
<VisualizerTasks>
  <task number="0" title="Make the LED flash" category="Numerical Errors">
    <instructions>It is important to understand the structure of numbers in binary notation.  For example the number 9 (decimal notation) in binary notation is 1001  however we often write it in the form 0b00001001.

This is because computers use BYTES - groups of 8 bits togther (8 bits = 1 byte); and when programming microcontrollers we are often working at the hardware level which is also arranged in bytes/groups of 8). If we use PORTA = 0b01000101 we can clearly see which of the 8 pins of a port are on or off.

For example. PORTA = 0b01000101 means turn on bits 6,2,0 (note we read the bits from bit 7 to bit 0 - the most significant bit first)

</instructions>
    <code>// this short program might be part of the code in the 
// embedded microcontroller in a computer monitor
// that flashes the power LED when the monitor is in standby mode

// you will need to connect an LED to portA.7 and 
// then correct the bug in the program so that the LED flashes

DDRA = 0b10000000;     // make PORTA.7 an output 
while (1) 
{
    PORTA = 0b00000001;   //LED A7 on
    _delay_ms (100);      //wait 0.1 of a second
    PORTA = 0b00000000;   //LED A7 off
    _delay_ms(1000);      //wait 1 second
}

  </code>
  </task>
  <task number="1" title="Morse man" category="Syntax Errors">
    <instructions>Here the user wanted a program to flash the LED for the message GO in morse code letter G ( dash dash dot. ) O (dash dash dash ) but instead it flashes N( dash dot ) O (dash dash dash)

Fix the program

This program could become a little more readable if the comments were more explanatory.  For example the comments LED ON and LED OFF are descriptions but not explanations, so they dont really help in identifying exactly where the code is wrong and what it should be doing; Whereas the comments //LETTER G, //LETTER O, //WAIT BETWEEN LETTERS, //WAIT BETWEEN WORDS do add a lot of meaning to the program code.

Can you add a couple more comments to help anyone reading or try to fix you code about what are dashes and dots.</instructions>
    <code>#define dash 300
#define dot 100
#define shortDelay 200
#define longdelay 500
// connect an LED to PORTA.7
// Morse code for - go -
DDRA = 0b10000000;     // make PORTA.7 an output 
while(1) 
{
    //LETTER G --.
    PORTA = 0b10000000;   //LED on
    _delay_ms (dash);      
    PORTA = 0b00000000;   //LED off
    _delay_ms(shortDelay);      
    PORTA = 0b10000000;   //LED on
    _delay_ms (dot);      
    PORTA = 0b00000000;   //LED off
    _delay_ms(longdelay);      //wait between letters

    //LETTER O ---
    PORTA = 0b10000000;   //LED on
    _delay_ms (dash);      
    PORTA = 0b00000000;   //LED off
    _delay_ms(shortDelay);      
    PORTA = 0b10000000;   //LED on
    _delay_ms (dash);      
    PORTA = 0b10000000;   //LED on
    _delay_ms (shortDelay);      
    PORTA = 0b00000000;   //LED off
    _delay_ms(dash);      
    PORTA = 0b10000000;   //LED on
    _delay_ms (shortDelay);      
    PORTA = 0b00000000;   //LED off
    _delay_ms(longdelay);      //wait between letters 
    _delay_ms(longdelay);      //wait between words
    _delay_ms(longdelay);      //wait between words
}</code>
  </task>
  <task number="2" title="1 LED doesnt work" category="Hardware Errors">
    <instructions>instructions</instructions>
    <code>//Qu: why isnt one of the LEDs going?
//to run this program you will need a 3 leds on PORT pins A.7, A.6, A.5
DDRA = 0b11000000;// make 3 outputs 
while (1) 
{
    PORTA = 0b10000000;   //LED on
    _delay_ms (100);      //wait a bit
    PORTA = 0b01000000;   //LED off
    _delay_ms(100);      //wait a bit
    PORTA = 0b00100000;   //LED off
    _delay_ms(100);      //wait a bit
}

    </code>
  </task>
  <task number="3" title="Numerical Errors" category="Number Errors">
    <instructions>The important concept to understand here is the size limitations that different variable types have. 

If you were designing a program for counting the number of boxes in a container, what is the maximum number of boxes you could count if you used a byte sized variable?
Would a byte be ok?

	</instructions>
    <code>//Qu: why is the answer wrong

uint8_t a = 0;
uint8_t b = 0;
uint8_t c = 0;

a = 250;
b = 200;
c = a + b;
    </code>
  </task>
  <task number="4" title="Why is the answer wrong?" category="Casting Errors">
    <instructions></instructions>
    <code>
//Qu: why is the answer wrong

uint8_t a = 0;
uint8_t b = 0;
uint16_t c = 0;

a = 250;
b = 200;
c = a + b;  </code>
  </task>
  <task number="5" title="Why is this answer right?" category="Casting Errors">
    <instructions></instructions>
    <code>
//Qu: why is this answer right?

uint8_t a = 0;
uint8_t b = 0;
uint16_t c = 0;

a = 250;
b = 200;
c = (uint16_t)a + b;  
    </code>
  </task>
  <task number="6" title="Why is the answer wrong?" category="Casting Errors">
    <instructions></instructions>
    <code>
//Qu: why is this answer wrong?

uint8_t a = 0;
uint8_t b = 0;
uint16_t c = 0;

a = 250;
b = 200;
c = (uint16_t)(a + b);    
    </code>
  </task>
</VisualizerTasks>