﻿<?xml version="1.0" encoding="utf-8"?>
<VisualizerTasks>
  <task number="0" title="Visualizer Intro" category="Introduction">
    <instructions>Any computer needs to do more than contol things it needs to use data.  Data may come into the micro from the outside world through sensors or from users via switches.

This data is stored into the microcontrollers RAM</instructions>
    <code>
// c code is usually within a main function
// in embedded systems the code runs forever inside a while(1)

int main (void)
{
    //code goes here that will be run once and is global to your application
    while(1)
    {
       //code goes here that will be run continuously 
        
    }   
}

//to run the visualizer 
    // you can STEP line by line
    // you can choose RUN
    // you can change the speed of code that is running 

//while the code is running 
    // you can change between STEP and RUN and change RUN speed
    // insert a breakpoint (click next to a line number)

//to edit code you must STOP the visualizer running 

//you can VIEW different features of the system

//you can Autoident your code to tidy it up

// you generate a code template based upon the connected hardware

   </code>
  </task>
  <task number="1" title="Hello World" category="Introduction">
    <instructions>Welcome to the world of programming embedded systems using the Atmel AVR microcontrollers.

The term EMBEDDED SYSTEM describes an electronic circuit that has at its heart a computer chip called a MICROCONTROLLER.

An everyday example of this is a washing machine, the LEDs, switches, motor, pump etc are all connected to a microcontroller. And inside the microcontroller is a program that the designer developed to control the washing machine system and all its subsytems.

Often computer programming students start with a very first program that prints "Hello World" onto the screen. With embedded systems we do not always have screens so an LED is flashed on and off to see if the system is working.

Run this program to see if it works.</instructions>
    <code>

//to run this program you will need an led connected to PORTA.7

DDRA = 0b10000000;          // configure PORTA.7 as an output 
while (1)                   //loop forever (while true)
{
    PORTA = 0b10000000;     //LED A7 on
    _delay_ms (500);        //wait 1/2 a second
    PORTA = 0b00000000;     //LED A7 off
    _delay_ms(500);         //wait 1/2 a second
}                           //go back to the while 
   
// what you need to learn from this
// An LED is an OUTPUT device 
// you must make a pin an output (as all pins start as inputs)
// while (1) {    } is a LOOP 
//      - it means while everyting inside the () is true
//      - step throgh the sequence of instructions inside the { }
// PORTA = 0b10000000 
//      - there are 2 ports on the ATTiny461 microcontroller (A and B)
//      - there are 4 ports on the ATMega16 microcontroller (A,B,C,D)
//      - each PORT has 8 PINs
//      - 0b10000000 is a binary pattern (these start with 0b)
//      - 10000000 are 8 digits that represent the 8 pins on the port
//      - 1 means make it go high (turn on the LED), 0 means go low
// microcontrollers run very fast
//      - it only takes a millionth of a second to do 1 thing
//      - if you dont ait between the LED going on and off
//      - it will go so fast that you cant see it flashing
//        _delay_ms(500) - this means wait for 500mS
//      
    </code>
  </task>
  <task number="2" title="Instructions to configure the micro" category="Instructions">
    <instructions>There are two type of instructions in your progams: instructions that set up the microcontroller to behave in certain ways (configure it) and instructions that it carries out.

This is a CONFIGURATION instruction:
Config PORTA.6=output

This instruction makes the microcontroller setup1 of the pins on PORTA to be an output 

Before you can make the micro do things you must configure it first!

</instructions>
    <code>//you are learning how to configure the microcontroller PINS
//all the pins on the microcontroller are initially configured as INPUTS 
//you must explicitly change them to become outputs

DDRA = 0b10000000       // CONFIGURE just PORTA PIN7 as an output 
DDRB = 0b11111111       // CONFIGURE all 8 PINs of PORTB as outputs
DDRB = 0b11111011       // CONFIGURE 7 pins of PORTB as outputs, pin2 as input
while(1)
{ 
    PORTA = 0b10000000;   //LED A7 on
    _delay_ms (500);      //wait 1/2 a second
    PORTA = 0b00000000;   //LED A7 off
    _delay_ms(500);      //wait 1/2 a second
}
    </code>
  </task>
  <task number="3" title="Data" category="Introduction">
    <instructions>instructions</instructions>
    <code>// a computer needs data to work on
//before we can use data we need somewhere to put it
//so we INITIALISE it (this means set aside some RAM for it)
char boxWidth = 0;   
char boxHeight = 0;
char boxDepth =0;

//then we can put some data in it
boxWidth = 3;
boxHeight = 4;
boxDepth = 4;

//always choose useful names!

char boxSize =0; // we should have called this boxVolume !!
boxSize = boxWidth * boxHeight * boxDepth;

//from the VIEWS choose MEMORY and STEP through this program
</code>
  </task>
  <task number="4" title="Data Types" category="Introduction">
    <instructions>instructions</instructions>
    <code>// a computer can only store 1's and 0's  
//so all data must be converted to patterns of 1's and 0's
// the bigger teh number the more 1's and 0's that are required
//memory is a limited resource on a microcontroller 
// so we like to make its use count
// there is no need to have a variable that can store huge numbers
// if its only every going to store numbers up to 10

char a = 5;
int height = 3489;


//when we need to store decimal numbers
// we use a variable TYPE called a double

double distance = 1278.456;


//words and letters are also stored as binary numbers using a code
char address[20] = "23 some road"
//what does the code 32 stand for?
//what would the code 53 stand for?
//what would be the code for c? 

//choose the right size variable for the job
int boxWidth = 0;
int boxHeight = 0;
int boxDepth =0;
//these values would fit into a char
boxWidth = 35;  
boxHeight = 42;
boxDepth = 46;

//but the answer will not so we choose ones that are big enough
int boxVolume =0;
boxVolume = boxWidth * boxHeight * boxDepth;</code>
  </task>
  <task number="5" title="Arrays1" category="Data structures">
    <instructions>here ges with arrays</instructions>
    <code>//when we have a lot of data that we need to to work on easily
//we store it in an array


//say we need to store the volumes of 10 different boxes sold 
//is it easier to do this 

int boxVolume0 = 5 * 3 * 4;
int boxVolume1 = 6 * 3 * 4;
int boxVolume2 = 7 * 3 * 4;
int boxVolume3 = 8 * 3 * 4;
int boxVolume4 = 9 * 3 * 4;
int boxVolume5 = 10 * 3 * 4;
int boxVolume6 = 11 * 3 * 4;
int boxVolume7 = 12 * 3 * 4;
int boxVolume8 = 13 * 3 * 4;
int boxVolume9 = 14 * 3 * 4;

//or this? 

int i;
int boxVolume[10];
for(i = 0;i&lt;10;i++)
{
    boxVolume[i]= (i+5) * 3 * 4;
}


//especially if you had 1,000 or 1,000,000 items!
</code>
  </task>
</VisualizerTasks>