﻿<?xml version="1.0" encoding="utf-8"?>
<VisualizerTasks>
  <task number="0" title="Make the LED flash - 1" category="Syntax Errors">
    <instructions>It is important to understand the structure of numbers in binary notation.  For example the number 9 (decimal notation) in binary notation is 1001  however we often write it in the form &amp;b00001001.

This is because computers use BYTES - groups of 8 bits togther (8 bits = 1 byte); and when programming microcontrollers we are often working at the hardware level which is also arranged in bytes/groups of 8). If we use PORTA = &amp;b01000101 we can clearly see which of the 8 pins of a port are on or off.

For example. PORTA = &amp;b01000101 means turn on bits 6,2,0 (note we read the bits from bit 7 to bit 0 - the most significant bit first)</instructions>
    <code>' this short program might be part of the code in the 
' microcontroller in a computer monitor
' that flashes the power LED when the monitor is in standby mode

' you will need to connect an LED to portA.7 and 
' then correct the TWO bugs in the program so that the LED flashes

PORTA.7 = output            'make PORTA.7 an output 
do
    PORTA = &amp;b10000000      'LED A7 on
    waitms 100              'wait 0.1 of a second
    PORTA = 0b00000000      'LED A7 off
    waitms 1000             'wait 1 second
loop

'the two bugs are SYNTAX errors 
'  this means you wrote code that the compiler cannot understand
'  these are generally things like 'speeling' mistakes
'  or leaving out important words

</code>
  </task>
  <task number="1" title="Make the LED flash - 2" category="Semantic errors">
    <instructions>fix me !!!!!</instructions>
    <code>' this short program might be part of the code in the 
' microcontroller in a car burglar alarm
' that flashes the power LED when the alarm is set

' you will need to connect an LED to portA.7 and 
' then correct the TWO bugs in the program so that the LED flashes

Config PORTA.7 = output            'make PORTA.7 an output 
do
    PORTA = &amp;b00000100      'LED A7 on
    waitms 100              'wait 0.1 of a second
    PORTA = 0b00000000;     'LED A7 off
loop

'these two bugs are SEMANTIC errors
'  the compiler understands it 
'  but the micrcontroller does not do what you want it to 
'  it may do nothing or the wrong thing</code>
  </task>
  <task number="2" title="Morse man" category="Semantic errors">
    <instructions>Here the user wanted a program to flash the LED for the message GO in morse code letter G ( dash dash dot. ) O (dash dash dash ) but instead it flashes N( dash dot ) O (dash dash dash)

1. Fix the program

2. Add some explanatory comments. This program would become more understandable if the comments were explanatory.  For example the comments LED ON and LED OFF are descriptions but not explanations, so they dont really help in identifying exactly where the code is wrong and what it should be doing; Whereas comments like //LETTER G, //LETTER O, //WAIT BETWEEN LETTERS, //WAIT BETWEEN WORDS do add a lot of meaning to the program code.  Add a couple more comments to help anyone reading or tringy to fix you code about what are dashes and dots.

3. The 3 delays at the end arepoor programming practice.  Where you use something defined for one purpose for another. Create a third delay constant and replace these three with a single constant.</instructions>
    <code>const shortdelay = 200
const longdelay = 500
' connect an LED to PORTA.7
' Morse code for  GO 
config PORTA.7 = output 

do
    'LETTER G --.
    PORTA = &amp;b10000000   'LED on
    waitms  longdelay      
    PORTA = &amp;b00000000   'LED off
    waitms shortdelay      
    PORTA = &amp;b10000000   'LED on
    waitms shortdelay     
    PORTA = &amp;b00000000   'LED off
    waitms longdelay      'wait between letters

    'LETTER O ---
    PORTA = &amp;b10000000   'LED on
    waitms longdelay      
    PORTA = &amp;b00000000   'LED off
    waitms shortdelay      
    PORTA = &amp;b10000000   'LED on
    waitms longdelay      
    PORTA = &amp;b10000000   'LED on
    waitms shortdelay      
    PORTA = &amp;b00000000   'LED off
    waitms longdelay   
    PORTA = &amp;b10000000   'LED on
    waitms shortdelay      
    PORTA = &amp;b00000000   'LED off
    waitms longdelay      'wait between letters 
    waitms longdelay      'wait between words
    waitms longdelay      'wait between words
loop</code>
  </task>
  <task number="3" title="Make 8 LEDs flash" category="Hardware Errors">
    <instructions>instructions</instructions>
    <code>'make a sequence of 8 LEDs flash

'you will need 8 leds on port A

const del = 100
Config PORTA = output 
do
    PORTA = &amp;b10000000;   
    waitms del              
    PORTA = &amp;b01000000;   
    waitms del     
    PORTA = &amp;b00100000;   
    waitms del       
loop

    </code>
  </task>
  <task number="4" title="Why is the answer wrong?" category="Number Errors">
    <instructions>The important concept to understand here is the size limitations that different variable types have. 

If you were designing a program for counting the number of boxes in a container, what is the maximum number of boxes you could count if you used a byte sized variable?
Would a byte be ok?

	</instructions>
    <code>'Qu: why is the answer wrong

dim a as byte
dim b as byte
dim c as byte

a = 250;
b = 200;
c = a + b;

    </code>
  </task>
  <task number="5" title="Why is the answer wrong?" category="Number Errors">
    <instructions></instructions>
    <code>'Qu: why is the answer wrong

dim a as byte
dim b as byte
dim c as word

a = 250;
b = 200;
c = a + b;  </code>
  </task>
  <task number="6" title="Why is this answer right?" category="Number Errors">
    <instructions></instructions>
    <code>'Qu: why is this answer right?

dim a as word
dim b as word
dim c as word

a = 250;
b = 200;
c = (uint16_t)a + b;  
    </code>
  </task>
</VisualizerTasks>